p_qr,config,arrivals,Wq_s_mean,Wq_s_ci_low,Wq_s_ci_high,Wq_qr_s_mean,Wq_qr_s_ci_low,Wq_qr_s_ci_high,Lq_max_A_mean,Lq_max_A_ci_low,Lq_max_A_ci_high,Lq_max_B_mean,Lq_max_B_ci_low,Lq_max_B_ci_high,T_blk_gate_min_mean,T_blk_gate_min_ci_low,T_blk_gate_min_ci_high
0.03,5/2,batch,0.08329446485705727,0.07968139494376236,0.08690753477035218,0.019621926920753974,0.01031364620089437,0.02893020764061358,5.9,5.541707198467902,6.258292801532098,0.7333333333333333,0.5155284160896524,0.9511382505770142,6.234184380074598,6.036101966683605,6.432266793465592
0.03,5/2,smooth,0.0021233490647032446,0.0017727493960850342,0.002473948733321455,0.0013295078633104817,-0.0001957219812868331,0.002854737707907796,2.3,2.0033748321228924,2.5966251678771073,0.13333333333333333,0.004229691154525317,0.26243697551214135,0.2291762344596651,0.19640719559339312,0.2619452733259371
0.05,5/2,batch,0.07756702668967745,0.07366861646141648,0.08146543691793842,0.04839285241544797,0.03738207082133776,0.05940363400955818,5.8,5.390954071573459,6.209045928426541,1.1666666666666667,0.994476760648038,1.3388565726852955,5.74996237866431,5.520580469568894,5.979344287759726
0.05,5/2,smooth,0.002119464713266486,0.0017884656887963222,0.0024504637377366495,0.006226233315711541,0.00286674065482724,0.009585725976595842,2.1,1.800150550792397,2.3998494492076032,0.5333333333333333,0.3438609866870699,0.7228056799795968,0.27257700211660674,0.22141988819484754,0.32373411603836594
0.1,5/2,batch,0.07612045216853078,0.0722429519039743,0.07999795243308726,0.19896089233205935,0.17663763639489477,0.22128414826922393,5.466666666666667,5.053721260853382,5.879612072479952,2.566666666666667,2.313157299521469,2.820176033811865,6.4260371454282,6.064329593103138,6.787744697753262
0.1,5/2,smooth,0.004415454828459576,0.0037081860902222013,0.0051227235666969516,0.03088941143504481,0.023622074330292033,0.038156748539797586,1.8333333333333333,1.537790742673157,2.1288759239935096,1.2666666666666666,1.0987173818937968,1.4346159514395365,0.8936779528048276,0.7299226081522854,1.05743329745737
0.2,5/2,batch,0.21411869311095735,0.20089313663545194,0.22734424958646277,0.9142441999836831,0.8478148879275418,0.9806735120398244,4.833333333333333,4.5068713254152035,5.1597953412514626,5.366666666666666,4.980806736125136,5.752526597208196,24.422477378144542,23.24704669694413,25.597908059344956
0.2,5/2,smooth,0.026214964018159297,0.02392043791352994,0.028509490122788656,0.1267500078317258,0.11542429312884311,0.13807572253460848,1.4,1.1679447151744595,1.6320552848255403,2.6,2.3679447151744597,2.8320552848255405,6.09053544899725,5.612092914269278,6.5689779837252225
0.3,5/2,batch,0.8868831257513469,0.833802468814698,0.9399637826879957,2.894725784717445,2.7329149215575783,3.0565366478773117,3.9,3.5845230562307173,4.215476943769282,10.266666666666667,9.594869527575188,10.938463805758147,78.55672949521173,75.85501717990438,81.25844181051907
0.3,5/2,smooth,0.0885403266675919,0.08194052927748133,0.09514012405770247,0.2929951220418057,0.272528093979117,0.31346215010449446,1.0,0.7597999601177712,1.2402000398822288,3.6666666666666665,3.3514438324382296,3.9818895008951034,19.74151782354942,18.5847720627882,20.898263584310637
