passenger,arrival,medium,bank,gate,wait_s,service_start,service_s,departure
1012,17:00:01.87,beep,A,3,0.0,17:00:01.87,3.386,17:00:05.26
1013,17:00:02.57,beep,A,2,0.0,17:00:02.57,2.575,17:00:05.15
1014,17:00:02.63,beep,A,4,0.0,17:00:02.63,2.69,17:00:05.32
1015,17:00:02.78,beep,A,5,0.0,17:00:02.78,3.037,17:00:05.82
1016,17:00:03.40,beep,A,1,0.0,17:00:03.40,3.27,17:00:06.67
1017,17:00:03.42,sjt,A,2,1.731,17:00:05.15,2.921,17:00:08.07
1018,17:00:05.13,beep,A,3,0.125,17:00:05.26,2.447,17:00:07.70
1019,17:00:06.95,beep,A,4,0.0,17:00:06.95,2.633,17:00:09.59
1020,17:00:06.97,sjt,A,5,0.0,17:00:06.97,4.429,17:00:11.40
1021,17:00:07.83,beep,A,1,0.0,17:00:07.83,2.579,17:00:10.41
1022,17:00:08.63,qr,B,1,0.0,17:00:08.63,6.718,17:00:15.35
1023,17:00:08.96,beep,A,3,0.0,17:00:08.96,2.976,17:00:11.94
1024,17:00:08.97,beep,A,2,0.0,17:00:08.97,2.906,17:00:11.88
1025,17:00:09.06,qr,B,2,0.0,17:00:09.06,5.549,17:00:14.61
1026,17:00:09.54,beep,A,4,0.043,17:00:09.59,2.973,17:00:12.56
1027,17:00:10.09,beep,A,1,0.319,17:00:10.41,2.862,17:00:13.27
1028,17:00:10.26,beep,A,5,1.142,17:00:11.40,2.889,17:00:14.29
1029,17:00:11.16,beep,A,2,0.715,17:00:11.88,2.096,17:00:13.97
1030,17:00:11.95,beep,A,3,0.0,17:00:11.95,3.085,17:00:15.04
1031,17:00:12.08,beep,A,4,0.481,17:00:12.56,2.873,17:00:15.43
1032,17:00:12.41,sjt,A,1,0.868,17:00:13.27,3.076,17:00:16.35
1033,17:00:12.50,beep,A,2,1.474,17:00:13.97,2.6,17:00:16.57
1034,17:00:13.62,beep,A,5,0.663,17:00:14.29,2.946,17:00:17.23
1035,17:00:13.92,beep,A,3,1.117,17:00:15.04,2.619,17:00:17.66
1036,17:00:14.11,beep,A,4,1.32,17:00:15.43,2.363,17:00:17.80
1037,17:00:15.55,beep,A,1,0.799,17:00:16.35,2.535,17:00:18.89
1038,17:00:15.79,beep,A,2,0.786,17:00:16.57,2.895,17:00:19.47
1039,17:00:18.19,beep,A,5,0.0,17:00:18.19,3.198,17:00:21.39
1040,17:00:18.66,beep,A,3,0.0,17:00:18.66,3.227,17:00:21.89
1041,17:00:21.23,beep,A,4,0.0,17:00:21.23,2.364,17:00:23.59
1042,17:00:21.64,beep,A,1,0.0,17:00:21.64,2.655,17:00:24.29
1043,17:00:21.64,beep,A,2,0.0,17:00:21.64,2.848,17:00:24.49
1044,17:00:22.61,beep,A,5,0.0,17:00:22.61,3.081,17:00:25.69
1045,17:00:22.90,sjt,A,3,0.0,17:00:22.90,4.146,17:00:27.05
1046,17:00:24.20,beep,A,4,0.0,17:00:24.20,2.38,17:00:26.58
1047,17:00:25.56,sjt,A,1,0.0,17:00:25.56,3.671,17:00:29.23
1048,17:00:25.57,beep,A,2,0.0,17:00:25.57,2.436,17:00:28.00
1049,17:00:25.65,beep,A,5,0.042,17:00:25.69,2.969,17:00:28.66
1050,17:00:26.98,beep,A,4,0.0,17:00:26.98,3.24,17:00:30.22
1051,17:00:28.08,beep,A,3,0.0,17:00:28.08,2.851,17:00:30.93
1052,17:00:28.37,beep,A,2,0.0,17:00:28.37,2.424,17:00:30.79
1053,17:00:29.96,beep,A,5,0.0,17:00:29.96,3.081,17:00:33.04
1054,17:00:31.30,beep,A,1,0.0,17:00:31.30,2.424,17:00:33.72
1055,17:00:31.84,beep,A,4,0.0,17:00:31.84,2.855,17:00:34.69
1056,17:00:33.25,beep,A,2,0.0,17:00:33.25,2.678,17:00:35.93
1057,17:00:33.98,beep,A,3,0.0,17:00:33.98,2.954,17:00:36.94
1058,17:00:34.12,beep,A,5,0.0,17:00:34.12,2.993,17:00:37.12
1059,17:00:35.58,beep,A,1,0.0,17:00:35.58,3.081,17:00:38.66
1060,17:00:36.77,beep,A,4,0.0,17:00:36.77,3.145,17:00:39.91
1061,17:00:36.79,beep,A,2,0.0,17:00:36.79,2.772,17:00:39.56
1062,17:00:37.73,beep,A,3,0.0,17:00:37.73,3.287,17:00:41.02
1063,17:00:38.17,sjt,A,5,0.0,17:00:38.17,3.811,17:00:41.98
1064,17:00:39.50,beep,A,1,0.0,17:00:39.50,2.691,17:00:42.19
1065,17:00:39.70,beep,A,2,0.0,17:00:39.70,2.495,17:00:42.20
1066,17:00:41.63,beep,A,4,0.0,17:00:41.63,2.425,17:00:44.06
1067,17:00:41.66,beep,A,3,0.0,17:00:41.66,2.498,17:00:44.15
1068,17:00:41.78,beep,A,5,0.195,17:00:41.98,2.698,17:00:44.68
1069,17:00:42.65,beep,A,1,0.0,17:00:42.65,2.527,17:00:45.17
1070,17:00:44.79,beep,A,2,0.0,17:00:44.79,2.853,17:00:47.64
1071,17:00:46.06,beep,A,4,0.0,17:00:46.06,2.376,17:00:48.43
