p_qr,recommended,passenger_class,Wq_undivided_s,Wq_present_s,Wq_recommended_s,cost_of_division_present_s_mean,cost_of_division_present_s_ci_low,cost_of_division_present_s_ci_high,change_if_recommended_s_mean,change_if_recommended_s_ci_low,change_if_recommended_s_ci_high
0.03,6/1,all,0.010064927668716445,0.08329446485705727,0.038148470986111814,0.07322953718834085,0.07039449838433963,0.07606457599234208,-0.045145993870945485,-0.04777652318255247,-0.0425154645593385
0.03,6/1,beep,0.009762199871433437,0.08503952924547614,0.023958208189734764,0.0752773293740427,0.07225640055265771,0.0782982581954277,-0.06108132105574138,-0.0635465701300875,-0.05861607198139524
0.03,6/1,SJT,0.011241632392264644,0.08648524215959015,0.02542716766963225,0.07524360976732553,0.07125939376713471,0.07922782576751634,-0.06105807448995793,-0.06476447505360702,-0.05735167392630884
0.03,6/1,QR,0.011453371406397421,0.019621926920753974,0.4761018819991417,0.008168555514356551,-0.0018544882861575053,0.018191599314870608,0.4564799550783878,0.38876420302388803,0.5241957071328875
0.05,6/1,all,0.011155280692708434,0.07756702668967745,0.06476259790564744,0.06641174599696902,0.06325357884427861,0.06956991314965942,-0.01280442878403003,-0.017397947071908407,-0.008210910496151653
0.05,6/1,beep,0.010915678148662362,0.07915956478941336,0.022086222265703427,0.068243886640751,0.06497239843899687,0.07151537484250513,-0.05707334252370991,-0.05969189556501004,-0.054454789482409775
0.05,6/1,SJT,0.01231377229673203,0.07867285997770582,0.02250934574514232,0.06635908768097377,0.06217068791144005,0.0705474874505075,-0.05616351423256348,-0.05975754219740578,-0.05256948626772118
0.05,6/1,QR,0.011008253647300214,0.04839285241544797,0.8599657522366722,0.03738459876814774,0.026033497486883477,0.048735700049411995,0.811572899821224,0.7292924890707904,0.8938533105716577
0.1,5/2,all,0.014521396460937112,0.07612045216853078,0.07612045216853078,0.06159905570759369,0.05848980423632009,0.0647083071788673,0.0,0.0,0.0
0.1,5/2,beep,0.014141776568623598,0.0618004999379963,0.0618004999379963,0.04765872336937269,0.045154135850081864,0.05016331088866352,0.0,0.0,0.0
0.1,5/2,SJT,0.015660092699484176,0.06453001186883299,0.06453001186883299,0.048869919169348804,0.04536012790139621,0.0523797104373014,0.0,0.0,0.0
0.1,5/2,QR,0.015615806255234621,0.19896089233205935,0.19896089233205935,0.18334508607682473,0.16148504537268818,0.20520512678096128,0.0,0.0,0.0
0.2,4/3,all,0.024781758756211445,0.21411869311095735,0.14749299368928134,0.1893369343547459,0.1766000092192701,0.20207385949022172,-0.06662569942167597,-0.07902239819853997,-0.05422900064481197
0.2,4/3,beep,0.02430513096878996,0.03703942482128077,0.14673777295607268,0.01273429385249079,0.010382536479452106,0.015086051225529475,0.10969834813479194,0.10583416903137705,0.11356252723820684
0.2,4/3,SJT,0.02475880844110764,0.04153807682433305,0.15669795795738292,0.01677926838322541,0.01305418333867902,0.0205043534277718,0.11515988113304984,0.10825678344088778,0.1220629788252119
0.2,4/3,QR,0.026323195780049817,0.9142441999836831,0.14310974675876348,0.8879210042036333,0.8228775893211949,0.9529644190860717,-0.7711344532249199,-0.8245710730840123,-0.7176978333658275
0.3,4/3,all,0.03887731188937162,0.8868831257513469,0.20091007741589767,0.8480058138619753,0.7950398212456776,0.9009718064782729,-0.685973048335449,-0.7339017873703172,-0.6380443093005809
0.3,4/3,beep,0.038135388112685464,0.02210642180046822,0.09142771064401486,-0.016028966312217254,-0.018628419613566878,-0.01342951301086763,0.06932128884354666,0.06650761441736534,0.07213496326972797
0.3,4/3,SJT,0.0391231174432501,0.02247502170682218,0.09457565586926585,-0.01664809573642793,-0.020751726440487655,-0.012544465032368207,0.07210063416244365,0.06707199151313534,0.07712927681175197
0.3,4/3,QR,0.04012006417359087,2.894725784717445,0.4534016450478633,2.8546057205438555,2.6932483708473858,3.0159630702403253,-2.4413241396695824,-2.583555559089597,-2.299092720249568
