factor,level,p_qr,config,Wq_s_mean,dW_div_s_mean,dW_div_s_ci_low,dW_div_s_ci_high,Lq_max_worst_mean,T_clr_worst_s_mean,T_clr_censored_total,T_blk_gate_min_mean
base,base,0.03,Undivided,0.010064927668716445,0.0,0.0,0.0,4.033333333333333,21.648085134304846,0.0,0.0
base,base,0.03,6/1,0.038148470986111814,0.028083543317395366,0.025602912329512145,0.030564174305278587,4.666666666666667,34.396377873795366,0.0,3.9566477126757227
base,base,0.03,5/2,0.08329446485705727,0.07322953718834085,0.07039449838433963,0.07606457599234208,5.9,54.09606724974554,0.0,6.234184380074598
base,base,0.03,4/3,0.31586069740855366,0.30579576973983724,0.2947680646362877,0.3168234748433868,8.4,70.61730648188264,0.0,29.620737077561216
base,base,0.03,3/4,1.7836733961127038,1.7736084684439875,1.7199850605215796,1.8272318763663953,16.7,84.61072146096761,0.0,121.90039603514914
base,base,0.03,2/5,12.451128322539887,12.441063394871172,12.305125655774168,12.577001133968176,40.266666666666666,108.35035797177241,0.0,362.50716933667115
base,base,0.1,Undivided,0.014521396460937112,0.0,0.0,0.0,4.433333333333334,25.493415365172595,0.0,0.0
base,base,0.1,6/1,0.2595642738460325,0.2450428773850954,0.22698980473274866,0.26309595003744213,4.8,56.6082820901079,0.0,42.39703523148384
base,base,0.1,5/2,0.07612045216853078,0.06159905570759369,0.05848980423632009,0.0647083071788673,5.466666666666667,48.3149772515084,0.0,6.4260371454282
base,base,0.1,4/3,0.21823226245462146,0.20371086599368443,0.19605710387387704,0.21136462811349183,7.366666666666666,66.88808311312927,0.0,19.542180168378387
base,base,0.1,3/4,1.1187691741733716,1.1042477777124344,1.0681097087346143,1.1403858466902546,13.533333333333333,81.75633893383103,0.0,87.83190763946564
base,base,0.1,2/5,8.928355334369108,8.913833937908171,8.760265310655921,9.067402565160421,34.46666666666667,102.68856375459787,0.0,302.38904287271765
base,base,0.3,Undivided,0.03887731188937162,0.0,0.0,0.0,5.433333333333334,36.383110449466464,0.0,0.0
base,base,0.3,6/1,7.881578576061334,7.842701264171963,7.55088686169255,8.134515666651376,22.766666666666666,126.30863387596115,0.0,439.66873143382315
base,base,0.3,5/2,0.8868831257513469,0.8480058138619753,0.7950398212456776,0.9009718064782729,10.266666666666667,75.244480986609,0.0,78.55672949521173
base,base,0.3,4/3,0.20091007741589767,0.1620327655265261,0.15440533170808404,0.16966019934496815,5.733333333333333,52.51017179345703,0.0,16.625214309009788
base,base,0.3,3/4,0.32746869575702525,0.2885913838676537,0.2774101493822215,0.2997726183530859,7.833333333333333,71.92953772360168,0.0,27.99831650888648
base,base,0.3,2/5,2.5188253357813717,2.4799480238919998,2.3952163775691293,2.56467967021487,18.8,88.86967155716442,0.0,144.59406567011834
batch size,50 passengers,0.03,Undivided,0.0015144523815439723,0.0,0.0,0.0,1.9,4.589055362947162,0.0,0.0
batch size,50 passengers,0.03,6/1,0.014003341605605303,0.012488889224061328,0.010654173497108536,0.01432360495101412,2.8,11.407957829228199,0.0,1.9245027470160236
batch size,50 passengers,0.03,5/2,0.02145903886637631,0.019944586484832334,0.018334053150468165,0.021555119819196503,3.8666666666666667,28.619583767475437,0.0,1.4196659624639745
batch size,50 passengers,0.03,4/3,0.08647126498129755,0.08495681259975359,0.08086658223313287,0.0890470429663743,5.033333333333333,50.687716316745,0.0,8.037393208849625
batch size,50 passengers,0.03,3/4,0.39450286219956315,0.39298840981801914,0.3776470030801231,0.40832981655591516,7.1,71.41206783218954,0.0,40.84623197891138
batch size,50 passengers,0.03,2/5,3.266820996017079,3.2653065436355346,3.1808653566558154,3.349747730615254,16.333333333333332,88.53010423846534,0.0,196.30928893552877
batch size,50 passengers,0.1,Undivided,0.002502146737534435,0.0,0.0,0.0,2.2666666666666666,5.813675158351727,0.0,0.0
batch size,50 passengers,0.1,6/1,0.14666829643307983,0.1441661496955454,0.13280078970099846,0.15553150969009233,3.2666666666666666,39.962321649520945,0.0,24.01146359855723
batch size,50 passengers,0.1,5/2,0.02508953372060103,0.022587386983066598,0.021060250313610786,0.02411452365252241,3.3,23.803911459163338,0.0,2.3127418166408513
batch size,50 passengers,0.1,4/3,0.06268612894660172,0.060183982209067295,0.056666722939739324,0.06370124147839526,4.533333333333333,45.585755448677,0.0,5.512496798470807
batch size,50 passengers,0.1,3/4,0.28473268878029717,0.2822305420427627,0.27015898756585555,0.2943020965196699,6.3,68.19376986268715,0.0,29.52243127406378
batch size,50 passengers,0.1,2/5,2.154744646234798,2.1522424994972638,2.079935459510598,2.2245495394839296,13.233333333333333,85.61361948034093,0.0,154.6947293348554
batch size,50 passengers,0.3,Undivided,0.0069766138922813786,0.0,0.0,0.0,3.1333333333333333,11.670142827781492,0.0,0.0
batch size,50 passengers,0.3,6/1,3.760088173302084,3.753111559409802,3.5896954888655537,3.9165276299540506,13.366666666666667,98.06828794543506,0.0,271.31105461769175
batch size,50 passengers,0.3,5/2,0.33452180029328205,0.3275451864010007,0.3089919114632171,0.34609846133878436,5.866666666666666,58.15692136676664,0.0,36.273133961002756
batch size,50 passengers,0.3,4/3,0.07346576589083176,0.0664891519985504,0.061352222579629925,0.07162608141747089,4.133333333333334,30.583595224565723,0.0,6.369087443336624
batch size,50 passengers,0.3,3/4,0.11168213090457542,0.10470551701229404,0.09918537760491368,0.1102256564196744,4.8,53.71720481861531,0.0,10.492232602132965
batch size,50 passengers,0.3,2/5,0.6543129312147286,0.6473363173224472,0.6195237717921387,0.6751488628527558,7.833333333333333,77.42788351721688,0.0,64.319944130303
batch size,100 passengers,0.03,Undivided,0.0652960735763587,0.0,0.0,0.0,7.366666666666666,51.14116507724498,0.0,0.0
batch size,100 passengers,0.03,6/1,0.15518654630131845,0.08989047272495973,0.08626430988689184,0.09351663556302763,8.466666666666667,61.921834741826125,0.0,8.897013968790946
batch size,100 passengers,0.03,5/2,0.456713006277703,0.3914169327013443,0.37710235557155447,0.40573150983113415,12.766666666666667,74.37339917489548,0.0,27.988039012040534
batch size,100 passengers,0.03,4/3,2.269616252800427,2.204320179224068,2.1517141850344665,2.2569261734136696,25.0,86.12366683612399,0.0,101.79399463764136
batch size,100 passengers,0.03,3/4,9.932108995952865,9.866812922376507,9.756397754067706,9.977228090685308,50.666666666666664,103.55700846183626,0.0,260.54064171324495
batch size,100 passengers,0.03,2/5,31.92265501200706,31.8573589384307,31.702192652342628,32.01252522451877,80.56666666666666,145.96892484819813,0.0,578.7298517680559
batch size,100 passengers,0.1,Undivided,0.09685951530512445,0.0,0.0,0.0,8.066666666666666,54.83122733064222,0.0,0.0
batch size,100 passengers,0.1,6/1,0.5805573402418548,0.48369782493673025,0.44781904323076804,0.5195766066426925,8.033333333333333,73.16747336673369,0.0,72.57720634866105
batch size,100 passengers,0.1,5/2,0.3318648570250534,0.23500534171992898,0.2251450401907276,0.24486564324913038,10.466666666666667,70.81970272407278,0.0,19.543840064011153
batch size,100 passengers,0.1,4/3,1.3342540620858045,1.2373945467806804,1.1922256720234052,1.2825634215379556,19.6,83.05108872172173,0.0,66.49764717518683
batch size,100 passengers,0.1,3/4,6.873468817923877,6.776609302618753,6.646666548946068,6.906552056291438,42.93333333333333,98.35356093480753,0.0,202.53306750232238
batch size,100 passengers,0.1,2/5,24.982671873139534,24.88581235783441,24.662231747982617,25.109392967686205,72.03333333333333,136.21924745436348,0.0,495.05433638085833
batch size,100 passengers,0.3,Undivided,0.2755359919504524,0.0,0.0,0.0,11.366666666666667,63.89395394013557,0.0,0.0
batch size,100 passengers,0.3,6/1,19.97574206607523,19.70020607412478,17.950889762747757,21.4495223855018,44.63333333333333,158.13276901153347,306.0,688.6850705873198
batch size,100 passengers,0.3,5/2,2.860602887723108,2.585066895772656,2.476898353580183,2.6932354379651287,20.4,95.83745641802385,0.0,153.9767604305376
batch size,100 passengers,0.3,4/3,0.7492500293310873,0.4737140373806351,0.4486576193842511,0.49877045537701914,10.533333333333333,72.9162546395526,0.0,35.957568553802346
batch size,100 passengers,0.3,3/4,1.677884322151347,1.4023483302008943,1.332869700495866,1.4718269599059226,19.5,85.49946206820813,0.0,65.6734750412706
batch size,100 passengers,0.3,2/5,9.910001942486756,9.634465950536304,9.464483935652378,9.80444796542023,46.4,110.440650692015,0.0,261.0786610443237
headway,3 min,0.03,Undivided,0.002168584803550207,0.0,0.0,0.0,2.533333333333333,5.883709428298113,0.0,0.0
headway,3 min,0.03,6/1,0.016072665783991382,0.013904080980441175,0.012165615076799563,0.01564254688408279,3.2333333333333334,14.627389813832236,0.0,2.777661237726283
headway,3 min,0.03,5/2,0.025952384363990274,0.023783799560440067,0.022301304845241357,0.025266294275638777,4.366666666666666,32.44498400698579,0.0,2.3388618507735144
headway,3 min,0.03,4/3,0.10425687710450597,0.10208829230095577,0.09800938458856309,0.10616720001334845,5.666666666666667,53.94604721586943,0.0,13.064524500519562
headway,3 min,0.03,3/4,0.47686322015637433,0.4746946353528241,0.46201127470893166,0.4873779959967165,8.6,73.95349506064652,0.0,64.3564477112519
headway,3 min,0.03,2/5,4.112835973537027,4.110667388733476,4.027280875675463,4.194053901791489,19.7,90.58056888549315,0.0,291.3880551206866
headway,3 min,0.1,Undivided,0.0030889332336576838,0.0,0.0,0.0,2.7666666666666666,7.605391116749217,0.0,0.0
headway,3 min,0.1,6/1,0.15381802033746067,0.15072908710380298,0.1400735554034887,0.16138461880411725,3.7,41.41450976311184,0.0,33.76515643174136
headway,3 min,0.1,5/2,0.029187054957485834,0.026098121723828152,0.024329203358465078,0.027867040089191226,3.8666666666666667,26.84165078138159,0.0,3.559920036661919
headway,3 min,0.1,4/3,0.07479593576541681,0.07170700253175911,0.06829008935154583,0.0751239157119724,5.166666666666667,48.637239294798775,0.0,8.890558976850203
headway,3 min,0.1,3/4,0.3376930746622409,0.33460414142858336,0.3226963953077541,0.3465118875494126,7.4,70.33322002382711,0.0,46.17469104442747
headway,3 min,0.1,2/5,2.733720408687667,2.7306314754540097,2.6429485490932847,2.818314401814735,16.466666666666665,87.24221718911271,0.0,232.36774880093697
headway,3 min,0.3,Undivided,0.008402450357774389,0.0,0.0,0.0,3.533333333333333,13.346872830085776,0.0,0.0
headway,3 min,0.3,6/1,4.248575263460776,4.240172813103002,4.099484539050946,4.380861087155059,15.3,100.27024486711728,7.0,388.705025870043
headway,3 min,0.3,5/2,0.3716075574617767,0.36320510710400244,0.34224888845826107,0.3841613257497438,6.266666666666667,60.065428534512584,0.0,54.25387731144672
headway,3 min,0.3,4/3,0.08129833171657223,0.07289588135879785,0.06838107447477867,0.07741068824281702,4.2,33.41984474260771,0.0,9.651105488209284
headway,3 min,0.3,3/4,0.12906143913549886,0.12065898877772448,0.11539280139895694,0.125925176156492,5.133333333333334,56.34146908547154,0.0,16.29394960256599
headway,3 min,0.3,2/5,0.7831768576078695,0.7747744072500949,0.7446247133795277,0.8049241011206621,9.2,78.7678070395037,0.0,97.83749223379904
headway,5 min,0.03,Undivided,0.03120030891247785,0.0,0.0,0.0,5.266666666666667,39.50688390943209,0.0,0.0
headway,5 min,0.03,6/1,0.08540921661464695,0.05420890770216908,0.050742510649804104,0.05767530475453406,6.266666666666667,52.55472894852167,0.0,5.225278108628319
headway,5 min,0.03,5/2,0.22587858279896678,0.194678273886489,0.1849952391898228,0.2043613085831552,8.533333333333333,66.71032710062056,0.0,13.150523990926517
headway,5 min,0.03,4/3,0.9610530374695491,0.9298527285570712,0.8914293023908977,0.9682761547232448,14.8,80.15134546964214,0.0,54.36427253939844
headway,5 min,0.03,3/4,5.6584108095606345,5.6272105006481565,5.523396799036935,5.731024202259378,34.5,94.91426315534491,0.0,164.72806810362974
headway,5 min,0.03,2/5,23.148616451710062,23.117416142797584,22.96529294097643,23.26953934461874,62.96666666666667,129.2393832015363,0.0,394.586022918236
headway,5 min,0.1,Undivided,0.04628235737882632,0.0,0.0,0.0,5.833333333333333,43.20526423355298,0.0,0.0
headway,5 min,0.1,6/1,0.40817820658024584,0.3618958492014196,0.33562399544503535,0.38816770295780384,6.333333333333333,66.48009070483754,0.0,47.9942237903445
headway,5 min,0.1,5/2,0.1757067629036104,0.12942440552478407,0.12253162125536264,0.13631718979420548,7.666666666666667,62.568856381180915,0.0,10.1217458486693
headway,5 min,0.1,4/3,0.5876234986755514,0.5413411412967251,0.5144242907132772,0.5682579918801729,11.766666666666667,76.96696898717965,0.0,34.36518908028218
headway,5 min,0.1,3/4,3.617277032424416,3.57099467504559,3.4547788612098236,3.687210488881356,27.566666666666666,90.70933048516908,0.0,125.39372199169648
headway,5 min,0.1,2/5,17.679796351847507,17.633513994468675,17.420065537740584,17.846962451196767,55.53333333333333,121.12037724125271,0.0,335.2945377955348
headway,5 min,0.3,Undivided,0.12604382559287267,0.0,0.0,0.0,7.866666666666666,53.54891569942335,0.0,0.0
headway,5 min,0.3,6/1,11.939180019265809,11.81313619367293,11.41528234642851,12.21099004091735,29.766666666666666,152.94597114143855,2.0,465.4022397595229
headway,5 min,0.3,5/2,1.8061101340291408,1.6800663084362684,1.569134321943022,1.7909982949295147,15.066666666666666,87.02045264696022,0.0,98.45536556774712
headway,5 min,0.3,4/3,0.43283623306818675,0.30679240747531406,0.28864159586202776,0.32494321908860035,8.1,65.71086693815731,0.0,22.56049836124295
headway,5 min,0.3,3/4,0.819820482074419,0.6937766564815461,0.6569253606396451,0.730627952323447,12.2,80.53612348200326,0.0,40.00380354312035
headway,5 min,0.3,2/5,6.222053447018738,6.096009621425866,5.914028858912246,6.2779903839394855,32.86666666666667,100.38474052980749,0.0,172.6148672181739
dispersal,60 s,0.03,Undivided,0.07765464115569044,0.0,0.0,0.0,7.1,32.696060828969884,0.0,0.0
dispersal,60 s,0.03,6/1,0.17907600730795975,0.10142136615226933,0.09464783666488903,0.10819489563964964,8.133333333333333,39.419592098285214,0.0,6.896175326552799
dispersal,60 s,0.03,5/2,0.5221450633475947,0.4444904221919043,0.42642506758652793,0.4625557767972807,12.333333333333334,48.3115717991105,0.0,21.570528928793056
dispersal,60 s,0.03,4/3,2.218124176744823,2.140469535589133,2.08636798048238,2.194571090695886,22.533333333333335,57.71779209889107,0.0,73.93890805626754
dispersal,60 s,0.03,3/4,7.977568598946879,7.899913957791189,7.812801571006118,7.98702634457626,39.6,71.27117341678,0.0,182.11623266870492
dispersal,60 s,0.03,2/5,23.461263788657746,23.38360914750206,23.263251215426425,23.503967079577695,59.13333333333333,101.72131949033084,0.0,402.221203075949
dispersal,60 s,0.1,Undivided,0.11471259451243117,0.0,0.0,0.0,8.233333333333333,34.89789161025234,0.0,0.0
dispersal,60 s,0.1,6/1,0.5719894438320274,0.45727684931959633,0.4238409105662369,0.49071278807295576,7.833333333333333,46.854627166009216,0.0,50.454545715812884
dispersal,60 s,0.1,5/2,0.3710983285565908,0.25638573404415965,0.24519653878527414,0.26757492930304516,10.433333333333334,45.7787743607091,0.0,14.328046774346214
dispersal,60 s,0.1,4/3,1.3688706467688785,1.2541580522564473,1.2083007512298332,1.3000153532830614,17.9,54.77177665564316,0.0,48.7593017306654
dispersal,60 s,0.1,3/4,5.691422541720333,5.576709947207901,5.478772202303115,5.6746476921126865,33.666666666666664,67.35873424397147,0.0,141.90447327828625
dispersal,60 s,0.1,2/5,18.52138426874162,18.406671674229187,18.23469654543936,18.578646803019016,53.3,94.76159355443883,0.0,343.7281507516664
dispersal,60 s,0.3,Undivided,0.32857212427291016,0.0,0.0,0.0,11.366666666666667,40.32644393222804,0.0,0.0
dispersal,60 s,0.3,6/1,11.259508626485902,10.93093650221299,10.607222903234062,11.254650101191919,27.733333333333334,120.8846392980287,0.0,464.1243406960244
dispersal,60 s,0.3,5/2,2.4180493423967784,2.0894772181238683,1.979736400045211,2.199218036202526,17.633333333333333,64.85136748494088,0.0,105.73929041775379
dispersal,60 s,0.3,4/3,0.793778267458984,0.465206143186074,0.4398522263391334,0.4905600600330146,10.9,47.16681633306668,0.0,25.44455886100368
dispersal,60 s,0.3,3/4,1.6585312765495306,1.3299591522766208,1.2762856787709203,1.3836326257823213,18.533333333333335,57.03439105611936,0.0,46.80106638110978
dispersal,60 s,0.3,2/5,7.755203727280561,7.426631603007651,7.277620820407094,7.575642385608209,36.166666666666664,76.24709860566988,0.0,181.6852078482674
dispersal,120 s,0.03,Undivided,0.0022034695051925267,0.0,0.0,0.0,2.6333333333333333,10.906221062531447,0.0,0.0
dispersal,120 s,0.03,6/1,0.016921563770677387,0.014718094265484863,0.012919527007237546,0.01651666152373218,3.2,22.76273588590411,0.0,2.9652909991584613
dispersal,120 s,0.03,5/2,0.026330014683729804,0.024126545178537278,0.022820815699358357,0.0254322746577162,4.3,50.30757903230776,0.0,2.362537552135317
dispersal,120 s,0.03,4/3,0.1080747337030646,0.10587126419787209,0.10234138411127054,0.10940114428447363,5.7,79.69880670606328,0.0,13.370489705328222
dispersal,120 s,0.03,3/4,0.5079888187130387,0.5057853492078462,0.4899311805295976,0.5216395178860949,8.633333333333333,102.85850717908039,0.0,65.95011533886645
dispersal,120 s,0.03,2/5,5.060406106371864,5.05820263686667,4.939801625066275,5.176603648667065,23.633333333333333,121.96484200853196,0.0,298.3362139636153
dispersal,120 s,0.1,Undivided,0.0031698292102933304,0.0,0.0,0.0,2.8333333333333335,13.100295566146098,0.0,0.0
dispersal,120 s,0.1,6/1,0.15998576069233822,0.15681593148204484,0.14446392537697966,0.16916793758711002,3.6666666666666665,65.33487137315436,0.0,34.66622783178095
dispersal,120 s,0.1,5/2,0.02939848313106219,0.026228653920768858,0.02421235634472729,0.028244951496810427,3.8666666666666667,42.13451399209467,0.0,3.5648395409478835
dispersal,120 s,0.1,4/3,0.07739060300578642,0.07422077379549306,0.07101425187047515,0.07742729572051098,5.2,73.41822562076555,0.0,9.119605308470218
dispersal,120 s,0.1,3/4,0.35975217434486356,0.3565823451345702,0.3449265825032021,0.36823810776593835,7.766666666666667,99.3762433757975,0.0,47.61703821782114
dispersal,120 s,0.1,2/5,3.216220859996862,3.213051030786568,3.107276811237826,3.31882525033531,18.666666666666668,118.02683142500258,0.0,238.45495013245448
dispersal,120 s,0.3,Undivided,0.00916388939819031,0.0,0.0,0.0,3.6333333333333333,23.21858673088681,0.0,0.0
dispersal,120 s,0.3,6/1,5.194089619868533,5.1849257304703436,4.9440970849211485,5.425754376019539,18.233333333333334,135.48819086628336,2.0,400.89354737274044
dispersal,120 s,0.3,5/2,0.388196088357019,0.37903219895882867,0.35920649760476775,0.3988579003128896,6.3,87.11638244591958,0.0,54.898379364393314
dispersal,120 s,0.3,4/3,0.08445727850845437,0.07529338911026404,0.0717436241879922,0.07884315403253588,4.333333333333333,51.74030471736394,0.0,9.81493275384135
dispersal,120 s,0.3,3/4,0.13350481145536425,0.12434092205717394,0.12014851289298666,0.1285333312213612,5.433333333333334,83.9217657728651,0.0,16.41326477503202
dispersal,120 s,0.3,2/5,0.8294516302506361,0.8202877408524458,0.7903288030690481,0.8502466786358436,9.666666666666666,108.92671032806015,0.0,99.99578263742009
background rate,0 per min,0.03,Undivided,0.009617304741827998,0.0,0.0,0.0,3.966666666666667,21.163861044071616,0.0,0.0
background rate,0 per min,0.03,6/1,0.03769842972718211,0.028081124985354127,0.024961231482574134,0.03120101848813412,4.633333333333334,34.30483895561349,0.0,3.782643633263484
background rate,0 per min,0.03,5/2,0.08391532313370428,0.07429801839187629,0.07047599364771334,0.07812004313603924,5.933333333333334,52.78971956708022,0.0,6.143485171906233
background rate,0 per min,0.03,4/3,0.31293018718766485,0.30331288244583693,0.29097550672661937,0.3156502581650545,8.333333333333334,70.52361183029387,0.0,28.90661491788584
background rate,0 per min,0.03,3/4,1.7234607449083232,1.713843440166495,1.6643607653010757,1.7633261150319144,16.166666666666668,84.18106465385803,0.0,119.14536368693423
background rate,0 per min,0.03,2/5,12.20964300791908,12.200025703177252,12.053165515027182,12.346885891327322,39.1,107.17086652556969,0.0,356.11694622237917
background rate,0 per min,0.1,Undivided,0.014378551007673792,0.0,0.0,0.0,4.333333333333333,25.20016995635621,0.0,0.0
background rate,0 per min,0.1,6/1,0.25738165159423976,0.24300310058656596,0.22576872606681353,0.2602374751063184,4.833333333333333,54.92874153260161,0.0,41.24440925471347
background rate,0 per min,0.1,5/2,0.07518497828925136,0.0608064272815776,0.05740355856085153,0.06420929600230366,5.5,47.19732480836293,0.0,6.16228145580151
background rate,0 per min,0.1,4/3,0.21640790754694417,0.20202935653927043,0.19342767848522435,0.2106310345933165,7.6,66.39139949975078,0.0,19.01806072144405
background rate,0 per min,0.1,3/4,1.0961315570553816,1.0817530060477079,1.0396732597147493,1.1238327523806664,13.633333333333333,81.24901068017034,0.0,85.68379072369467
background rate,0 per min,0.1,2/5,8.766841718521038,8.75246316751336,8.588772840746943,8.916153494279778,33.666666666666664,101.75823119769308,0.0,297.00345078825563
background rate,0 per min,0.3,Undivided,0.03790313590669601,0.0,0.0,0.0,5.433333333333334,35.22272251665463,0.0,0.0
background rate,0 per min,0.3,6/1,7.755608375707573,7.7177052398008765,7.440157261936632,7.995253217665121,22.233333333333334,124.0283235705948,2.0,429.7102073464335
background rate,0 per min,0.3,5/2,0.8696830663154419,0.8317799304087461,0.7800974148767486,0.8834624459407436,9.766666666666667,75.05251466562795,0.0,76.96190501258488
background rate,0 per min,0.3,4/3,0.20286884464660282,0.16496570873990682,0.15321389041497627,0.17671752706483737,5.7,51.574293151667696,0.0,16.365301879154554
background rate,0 per min,0.3,3/4,0.32920011634237006,0.29129698043567404,0.2793235771134605,0.30327038375788756,7.633333333333334,72.00982953416866,0.0,27.636874564991306
background rate,0 per min,0.3,2/5,2.4463109339855693,2.4084077980788736,2.318854166648721,2.497961429509026,17.4,88.08016059764923,0.0,141.28165549064653
background rate,2 per min,0.03,Undivided,0.011417410973450023,0.0,0.0,0.0,4.233333333333333,24.066230308750217,0.0,0.0
background rate,2 per min,0.03,6/1,0.040397875202971355,0.028980464229521337,0.02653618474824601,0.03142474371079666,4.8,37.658902567713035,0.0,4.068955845351104
background rate,2 per min,0.03,5/2,0.0916384681234872,0.08022105715003716,0.07705971154104936,0.08338240275902496,6.2,55.8139067034233,0.0,7.218408361865914
background rate,2 per min,0.03,4/3,0.3476222179354238,0.33620480696197375,0.32698585840092814,0.34542375552301935,9.033333333333333,72.40801221782694,0.0,33.99957132990681
background rate,2 per min,0.03,3/4,2.0623506877725633,2.050933276799113,2.001237240939685,2.1006293126585414,18.666666666666668,85.68176241113173,0.0,133.7409523130175
background rate,2 per min,0.03,2/5,13.359811006618637,13.348393595645186,13.193423553582056,13.503363637708317,43.766666666666666,113.23233394051881,0.0,384.5431000488729
background rate,2 per min,0.1,Undivided,0.016875001681415334,0.0,0.0,0.0,4.533333333333333,28.39240593120038,0.0,0.0
background rate,2 per min,0.1,6/1,0.26283399210934116,0.2459589904279258,0.2292908402122847,0.26262714064356685,4.966666666666667,59.039259131929306,0.0,44.96883919690097
background rate,2 per min,0.1,5/2,0.08267756698885467,0.06580256530743936,0.06289138857078586,0.06871374204409286,5.5,50.63817460646803,0.0,7.167025663560213
background rate,2 per min,0.1,4/3,0.23557290787002633,0.218697906188611,0.21204871914460705,0.22534709323261498,7.766666666666667,68.20265366463238,0.0,22.07674221406902
background rate,2 per min,0.1,3/4,1.2575895777429733,1.2407145760615579,1.1957228553598935,1.2857062967632222,14.333333333333334,82.32182610878432,0.0,97.19374289740897
background rate,2 per min,0.1,2/5,9.686257483380901,9.669382481699488,9.51558354695459,9.823181416444386,37.266666666666666,106.70307235376266,0.0,321.02770441363265
background rate,2 per min,0.3,Undivided,0.04504882311546789,0.0,0.0,0.0,5.766666666666667,39.705752832540504,0.0,0.0
background rate,2 per min,0.3,6/1,8.297758910882763,8.252710087767294,7.966925328712688,8.5384948468219,23.733333333333334,134.24594414001882,10.0,469.60160050545045
background rate,2 per min,0.3,5/2,0.9358336871869757,0.8907848640715077,0.8407481508891816,0.9408215772538338,10.7,77.48447166376228,0.0,84.56918607114632
background rate,2 per min,0.3,4/3,0.21752849225546994,0.17247966914000204,0.1638562782967868,0.18110305998321727,6.066666666666666,55.20299946977259,0.0,18.214267991378538
background rate,2 per min,0.3,3/4,0.3542923598757757,0.30924353676030775,0.2986283526176777,0.3198587209029378,7.7,72.85721771302201,0.0,30.824617305539416
background rate,2 per min,0.3,2/5,2.7651983481297138,2.720149525014245,2.6305889619674097,2.8097100880610806,19.466666666666665,91.1666579534106,0.0,153.9692994630395
beep service,x0.8,0.03,Undivided,0.003829567241600156,0.0,0.0,0.0,3.2666666666666666,12.692646846722281,0.0,0.0
beep service,x0.8,0.03,6/1,0.024004266898373736,0.020174699656773577,0.01776047297031582,0.022588926343231334,3.8,23.847434480998285,0.0,3.7968875512351072
beep service,x0.8,0.03,5/2,0.03668860674693099,0.032859039505330846,0.031386106426356315,0.03433197258430538,5.0,44.25793910043419,0.0,3.0305073065325443
beep service,x0.8,0.03,4/3,0.14249949021748148,0.13866992297588132,0.13408850164656194,0.1432513443052007,6.6,64.33070836881548,0.0,15.735675113795056
beep service,x0.8,0.03,3/4,0.698185639161913,0.6943560719203129,0.6715467354158833,0.7171654084247425,11.3,79.83530863085802,0.0,72.74309228494778
beep service,x0.8,0.03,2/5,6.659723059081982,6.655893491840382,6.528678969536047,6.783108014144716,31.066666666666666,97.10173501330958,0.0,276.6346076637975
beep service,x0.8,0.1,Undivided,0.006484184771832156,0.0,0.0,0.0,3.6666666666666665,17.03767207069858,0.0,0.0
beep service,x0.8,0.1,6/1,0.25027041579450776,0.24378623102267563,0.22558058716400783,0.26199187488134346,4.533333333333333,56.6082820901079,0.0,46.0815954089725
beep service,x0.8,0.1,5/2,0.044636961253858666,0.03815277648202652,0.035575861255444534,0.04072969170860851,4.466666666666667,38.13098723936515,0.0,4.9750722152324185
beep service,x0.8,0.1,4/3,0.10196031004458886,0.0954761252727567,0.09121213924378391,0.0997401113017295,6.1,60.26759558770979,0.0,10.472351531883414
beep service,x0.8,0.1,3/4,0.4765101861677367,0.4700260013959046,0.45426355274714775,0.4857884500446615,9.6,77.15997867327573,0.0,51.30533825911867
beep service,x0.8,0.1,2/5,4.457973364563716,4.451489179791883,4.324761886398111,4.578216473185655,25.6,93.06518170716096,0.0,223.95158163724255
beep service,x0.8,0.3,Undivided,0.02342981145629381,0.0,0.0,0.0,5.033333333333333,30.22276773892183,0.0,0.0
beep service,x0.8,0.3,6/1,7.879278265730234,7.855848454273938,7.564024515646001,8.147672392901875,22.766666666666666,126.30863387596115,0.0,455.25025362425356
beep service,x0.8,0.3,5/2,0.878038134943797,0.8546083234875032,0.8012078948674491,0.9080087521075572,10.266666666666667,75.244480986609,0.0,84.87292923007602
beep service,x0.8,0.3,4/3,0.16796753973711034,0.14453772828081654,0.1365081385737387,0.15256731798789439,5.366666666666666,49.3329518022838,0.0,16.322490143061415
beep service,x0.8,0.3,3/4,0.17941008499222752,0.15598027353593366,0.15112188584364653,0.1608386612282208,6.333333333333333,66.44273522691665,0.0,17.191058152488587
beep service,x0.8,0.3,2/5,1.1145278568664279,1.091098045410134,1.0510992772517216,1.1310968135685464,12.966666666666667,84.03529450024998,0.0,94.7180961128639
beep service,x1.2,0.03,Undivided,0.022904928116664357,0.0,0.0,0.0,4.6,30.89292342189718,0.0,0.0
beep service,x1.2,0.03,6/1,0.06672362109751816,0.0438186929808538,0.040946095709402164,0.04669129025230544,5.366666666666666,44.015127649918696,0.0,4.519752167494288
beep service,x1.2,0.03,5/2,0.17408126839019405,0.1511763402735297,0.145397188918729,0.1569554916283304,7.1,61.58916851957458,0.0,11.525624528603506
beep service,x1.2,0.03,4/3,0.6785321108255224,0.6556271827088583,0.6334565078004436,0.6777978576172731,11.166666666666666,75.94475161941095,0.0,50.41576445089098
beep service,x1.2,0.03,3/4,4.040801570101739,4.0178966419850735,3.9315204445651677,4.104272839404979,24.4,90.39414970674501,0.0,173.80844364423936
beep service,x1.2,0.03,2/5,19.161680385838395,19.138775457721735,19.002639952827867,19.274910962615603,47.63333333333333,121.26985818269296,0.0,443.0536372222719
beep service,x1.2,0.1,Undivided,0.02986792863811342,0.0,0.0,0.0,4.966666666666667,33.73281946229475,0.0,0.0
beep service,x1.2,0.1,6/1,0.27834983699005345,0.24848190835193998,0.23056427264167173,0.2663995440622082,5.266666666666667,56.6082820901079,0.0,38.85095042025471
beep service,x1.2,0.1,5/2,0.1368448014518994,0.10697687281378594,0.10237303259266697,0.11158071303490491,6.433333333333334,55.72239197796099,0.0,9.134084594410016
beep service,x1.2,0.1,4/3,0.446565444306192,0.4166975156680785,0.40176337471340307,0.43163165662275393,9.466666666666667,72.17410693348027,0.0,33.24278048399932
beep service,x1.2,0.1,3/4,2.5467486920722586,2.516880763434146,2.43812789899618,2.5956336278721124,19.566666666666666,86.86699487911937,0.0,131.92850002584697
beep service,x1.2,0.1,2/5,14.375711134153416,14.345843205515301,14.173237140708588,14.518449270322014,41.9,114.0249946204761,0.0,377.4731352800785
beep service,x1.2,0.3,Undivided,0.06236986363500468,0.0,0.0,0.0,6.1,41.81511026378588,0.0,0.0
beep service,x1.2,0.3,6/1,7.886149458496449,7.823779594861446,7.532057237423125,8.115501952299768,22.766666666666666,126.30863387596115,0.0,423.9970128493754
beep service,x1.2,0.3,5/2,0.9029548540564222,0.8405849904214174,0.7881782536255123,0.8929917272173226,10.266666666666667,75.244480986609,0.0,72.36495959671177
beep service,x1.2,0.3,4/3,0.259120090871497,0.19675022723649235,0.18909398152666676,0.20440647294631795,6.366666666666666,57.923621927447876,0.0,17.99532668689374
beep service,x1.2,0.3,3/4,0.6134462212525282,0.5510763576175234,0.526609647731591,0.5755430675034557,9.9,76.46874444218136,0.0,44.004839655842666
beep service,x1.2,0.3,2/5,4.779475324514334,4.717105460879329,4.577822325681656,4.856388596077001,25.1,95.6043261421598,0.0,198.1142894083811
SJT service,x0.8,0.03,Undivided,0.007707162656891473,0.0,0.0,0.0,3.8666666666666667,19.13413288466826,0.0,0.0
SJT service,x0.8,0.03,6/1,0.03251773227337416,0.024810569616482682,0.022329402169143656,0.02729173706382171,4.366666666666666,31.66160742581923,0.0,3.8609102144020357
SJT service,x0.8,0.03,5/2,0.06503771263385515,0.05733054997696367,0.0550768284997193,0.05958427145420804,5.5,51.54814477466433,0.0,5.068043852674731
SJT service,x0.8,0.03,4/3,0.24536213611957072,0.23765497346267928,0.22925479654504913,0.24605515038030942,7.566666666666666,68.65593750849787,0.0,24.624987300042154
SJT service,x0.8,0.03,3/4,1.323885383196109,1.3161782205392176,1.2759740125083743,1.356382428570061,14.4,83.09941147113642,0.0,106.1321351199995
SJT service,x0.8,0.03,2/5,10.57573343549321,10.568026272836317,10.447971245146329,10.688081300526305,37.266666666666666,104.67323103452713,0.0,338.03272651511645
SJT service,x0.8,0.1,Undivided,0.011424187623436737,0.0,0.0,0.0,4.2,22.975736168898834,0.0,0.0
SJT service,x0.8,0.1,6/1,0.25581732860514295,0.24439314098170623,0.22634229837164357,0.26244398359176885,4.766666666666667,56.6082820901079,0.0,43.447153105024775
SJT service,x0.8,0.1,5/2,0.0639942589781246,0.05257007135468785,0.049711768146249315,0.05542837456312639,5.033333333333333,45.80061357632266,0.0,5.884739604556965
SJT service,x0.8,0.1,4/3,0.1722960653688163,0.16087187774537956,0.15508865205262207,0.16665510343813705,6.833333333333333,64.615814868162,0.0,16.323644094912197
SJT service,x0.8,0.1,3/4,0.8469426312922729,0.835518443668836,0.8090212611968628,0.8620156261408092,11.833333333333334,80.5358913415803,0.0,75.39556709885377
SJT service,x0.8,0.1,2/5,7.457714735307637,7.446290547684201,7.31122230778031,7.581358787588093,31.733333333333334,99.5251868621107,0.0,279.59111500061056
SJT service,x0.8,0.3,Undivided,0.0334110336053383,0.0,0.0,0.0,5.266666666666667,34.596688643724754,0.0,0.0
SJT service,x0.8,0.3,6/1,7.880694290843733,7.847283257238394,7.555346396588996,8.139220117887792,22.766666666666666,126.30863387596115,0.0,444.28293028419125
SJT service,x0.8,0.3,5/2,0.8836385824648054,0.8502275488594673,0.7971020894289441,0.9033530082899904,10.266666666666667,75.244480986609,0.0,80.39933500975715
SJT service,x0.8,0.3,4/3,0.1884632002965084,0.1550521666911701,0.14738617034640392,0.1627181630359363,5.666666666666667,51.07500600346136,0.0,16.421680925952632
SJT service,x0.8,0.3,3/4,0.2693027520824626,0.2358917184771244,0.22682852988086113,0.24495490707338766,7.133333333333334,70.44607588196322,0.0,24.20060593960177
SJT service,x0.8,0.3,2/5,1.9866379997554708,1.9532269661501322,1.8824968765101313,2.023957055790133,16.633333333333333,87.10005275672478,0.0,128.894464354942
SJT service,x1.2,0.03,Undivided,0.013200731426011962,0.0,0.0,0.0,4.3,24.401182349538583,0.0,0.0
SJT service,x1.2,0.03,6/1,0.04547288435962367,0.03227215293361171,0.02970500482385957,0.03483930104336384,4.9,37.147028242419424,0.0,4.083241627374061
SJT service,x1.2,0.03,5/2,0.10679934970918283,0.09359861828317086,0.08993485427595635,0.09726238229038536,6.133333333333334,56.079881424796675,0.0,7.632767589864513
SJT service,x1.2,0.03,4/3,0.408334676684751,0.395133945258739,0.38077192158699547,0.40949596893048257,9.333333333333334,72.41598938218483,0.0,35.36200915562295
SJT service,x1.2,0.03,3/4,2.3749118652525905,2.3617111338265784,2.2903944338021938,2.433027833850963,19.4,86.2794972971628,0.0,137.83109895819067
SJT service,x1.2,0.03,2/5,14.407518596487666,14.394317865061653,14.23646893518497,14.552166794938337,43.36666666666667,112.0940734964765,0.0,386.5374783575705
SJT service,x1.2,0.1,Undivided,0.018517939772036748,0.0,0.0,0.0,4.7,27.900147910853,0.0,0.0
SJT service,x1.2,0.1,6/1,0.264264025813491,0.24574608604145437,0.22778492314460036,0.2637072489383084,4.9,56.6082820901079,0.0,41.35131853495277
SJT service,x1.2,0.1,5/2,0.09165911699035156,0.07314117721831484,0.06937547790174824,0.07690687653488144,5.766666666666667,50.28779271009975,0.0,7.087633497424398
SJT service,x1.2,0.1,4/3,0.27754615301817026,0.25902821324613345,0.24902514482115742,0.2690312816711095,8.166666666666666,68.6939223984807,0.0,23.31926923369622
SJT service,x1.2,0.1,3/4,1.47803439778983,1.459516458017793,1.4062948945990206,1.5127380214365655,15.633333333333333,83.16615925951169,0.0,100.88849909907701
SJT service,x1.2,0.1,2/5,10.491476905429511,10.47295896565747,10.296478337311198,10.649439594003743,37.1,105.93038044347438,0.0,324.9470372226327
SJT service,x1.2,0.3,Undivided,0.04520949005716633,0.0,0.0,0.0,5.633333333333334,37.77211200397378,0.0,0.0
SJT service,x1.2,0.3,6/1,7.882609887668608,7.837400397611442,7.545735762113434,8.12906503310945,22.766666666666666,126.30863387596115,0.0,435.0216107326944
SJT service,x1.2,0.3,5/2,0.8908326084132944,0.8456231183561279,0.792857957969511,0.8983882787427449,10.266666666666667,75.244480986609,0.0,76.71586130356799
SJT service,x1.2,0.3,4/3,0.21679087522742252,0.17158138517025623,0.16395075064486253,0.17921201969564993,6.0,53.58088248218159,0.0,16.99102046726919
SJT service,x1.2,0.3,3/4,0.40192555396545937,0.3567160639082931,0.34296402715680757,0.3704681006597786,8.433333333333334,73.22850114963059,0.0,32.34336200664587
SJT service,x1.2,0.3,2/5,3.140360885899052,3.095151395841884,2.9950484410218943,3.195254350661874,21.133333333333333,90.63571700622785,0.0,160.3739500806495
QR service,x0.75,0.03,Undivided,0.009079133665495738,0.0,0.0,0.0,3.933333333333333,20.67387974278345,0.0,0.0
QR service,x0.75,0.03,6/1,0.031429810720583796,0.022350677055088055,0.02084849956426349,0.02385285454591262,4.666666666666667,34.396377873795366,0.0,2.597963553718538
QR service,x0.75,0.03,5/2,0.08293038170565087,0.07385124804015511,0.07100443666203103,0.07669805941827919,5.9,54.09606724974554,0.0,6.319242450689859
QR service,x0.75,0.03,4/3,0.31585331071511413,0.30677417704961835,0.29574298469340915,0.31780536940582754,8.4,70.61730648188264,0.0,30.048071864425513
QR service,x0.75,0.03,3/4,1.7836733961127038,1.7745942624472084,1.7209729997770569,1.82821552511736,16.7,84.61072146096761,0.0,123.11950572181394
QR service,x0.75,0.03,2/5,12.451128322539887,12.442049188874392,12.30619506285899,12.577903314889795,40.266666666666666,108.35035797177241,0.0,364.66571629816275
QR service,x0.75,0.1,Undivided,0.010881686594042518,0.0,0.0,0.0,4.1,22.55438042535911,0.0,0.0
QR service,x0.75,0.1,6/1,0.13167482136168288,0.12079313476764038,0.11196126826734658,0.12962500126793416,4.4,48.77029050274426,0.0,22.7823361845182
QR service,x0.75,0.1,5/2,0.06458500126593517,0.05370331467189266,0.051169530718003634,0.05623709862578169,5.466666666666667,48.3149772515084,0.0,5.1205289874906255
QR service,x0.75,0.1,4/3,0.21684666928197194,0.20596498268792943,0.19825848618714234,0.2136714791887165,7.366666666666666,66.88808311312927,0.0,20.399094898448993
QR service,x0.75,0.1,3/4,1.118651285357699,1.1077695987636564,1.0716087703612525,1.1439304271660604,13.533333333333333,81.75633893383103,0.0,91.03318207017206
QR service,x0.75,0.1,2/5,8.92834421355089,8.917462526956847,8.763978841682523,9.07094621223117,34.46666666666667,102.68856375459787,0.0,309.1990435842159
QR service,x0.75,0.3,Undivided,0.018238820952370553,0.0,0.0,0.0,4.466666666666667,28.524793634554253,0.0,0.0
QR service,x0.75,0.3,6/1,3.8435835235414797,3.8253447025891107,3.6468718101423967,4.003817595035825,18.133333333333333,101.62079166613424,0.0,276.7331512160503
QR service,x0.75,0.3,5/2,0.2990238822131622,0.2807850612607916,0.26571840536764807,0.29585171715393516,6.266666666666667,65.03249221893172,0.0,36.234875396551516
QR service,x0.75,0.3,4/3,0.10866590444183125,0.09042708348946071,0.08724930369320276,0.09360486328571867,5.333333333333333,50.90584023891879,0.0,9.821308842265557
QR service,x0.75,0.3,3/4,0.30657007604588543,0.2883312550935148,0.2771120233958746,0.29955048679115504,7.833333333333333,71.92953772360168,0.0,30.920339541171227
QR service,x0.75,0.3,2/5,2.5140887429106558,2.4958499219582846,2.411115637304966,2.5805842066116034,18.8,88.86967155716442,0.0,159.13032726862536
QR service,x1.25,0.03,Undivided,0.011091533990158884,0.0,0.0,0.0,4.1,22.47400322201627,0.0,0.0
QR service,x1.25,0.03,6/1,0.047285144639741365,0.036193610649582486,0.03222291302041256,0.04016430827875241,4.666666666666667,34.396377873795366,0.0,5.694491704415928
QR service,x1.25,0.03,5/2,0.08388123312257499,0.07278969913241612,0.0698868252285415,0.07569257303629073,5.9,54.09606724974554,0.0,6.196457206106642
QR service,x1.25,0.03,4/3,0.31588450201789453,0.30479296802773564,0.2937922487355905,0.3157936873198808,8.4,70.61730648188264,0.0,29.203404938641917
QR service,x1.25,0.03,3/4,1.7836733961127038,1.7725818621225453,1.7190204584662674,1.8261432657788232,16.7,84.61072146096761,0.0,120.67808068238004
QR service,x1.25,0.03,2/5,12.451128322539887,12.440036788549728,12.304062214560494,12.576011362538962,40.266666666666666,108.35035797177241,0.0,360.3339274906092
QR service,x1.25,0.1,Undivided,0.0194656282141643,0.0,0.0,0.0,4.766666666666667,28.567941898868114,0.0,0.0
QR service,x1.25,0.1,6/1,0.4623032021313779,0.4428375739172135,0.410398740239136,0.47527640759529105,5.866666666666666,63.35030230425877,0.0,68.68510438129407
QR service,x1.25,0.1,5/2,0.09485665427778495,0.07539102606362062,0.070829729706638,0.07995232242060324,5.466666666666667,48.3149772515084,0.0,8.630190736566194
QR service,x1.25,0.1,4/3,0.2211619952455984,0.20169636703143418,0.19407692201732932,0.20931581204553903,7.366666666666666,66.88808311312927,0.0,18.81390626670867
QR service,x1.25,0.1,3/4,1.1191155244237654,1.099649896209601,1.0635518469322167,1.1357479454869854,13.533333333333333,81.75633893383103,0.0,84.67073260785209
QR service,x1.25,0.1,2/5,8.928373762497129,8.908908134282965,8.755268552759189,9.062547715806742,34.46666666666667,102.68856375459787,0.0,295.54350938307124
QR service,x1.25,0.3,Undivided,0.0795076396236745,0.0,0.0,0.0,6.633333333333334,43.19899242264516,0.0,0.0
QR service,x1.25,0.3,6/1,12.975575806878181,12.89606816725451,12.329844570828438,13.462291763680582,26.933333333333334,149.61607074365622,75.0,603.7312594093935
QR service,x1.25,0.3,5/2,2.009910483829728,1.9304028442060532,1.818503284811019,2.0423024036010875,14.466666666666667,85.69566749477316,0.0,135.1676495750891
QR service,x1.25,0.3,4/3,0.41344361599678386,0.3339359763731092,0.3140516111807547,0.35382034156546366,7.433333333333334,58.66504897942464,0.0,29.336581078537115
QR service,x1.25,0.3,3/4,0.37659174882943736,0.2970841092057629,0.2858721113742357,0.3082961070372901,7.833333333333333,71.92953772360168,0.0,26.342396781985794
QR service,x1.25,0.3,2/5,2.5319230225560543,2.4524153829323794,2.3674636057900607,2.537367160074698,18.8,88.86967155716442,0.0,130.1669058817946
beep card share,70%,0.03,Undivided,0.012279395904462346,0.0,0.0,0.0,4.2,23.764958121649233,0.0,0.0
beep card share,70%,0.03,6/1,0.04324448380631425,0.030965087901851904,0.028429682962113866,0.03350049284158994,4.866666666666666,36.882521488475746,0.0,4.04036952470011
beep card share,70%,0.03,5/2,0.09978045627435451,0.08750106036989216,0.0840971945569893,0.09090492618279503,6.233333333333333,56.167106364402954,0.0,7.286608395312543
beep card share,70%,0.03,4/3,0.37912985614294553,0.3668504602384832,0.3545167293052798,0.37918419117168667,8.833333333333334,71.80696204433119,0.0,33.90848407463333
beep card share,70%,0.03,3/4,2.2239390559259253,2.211659660021463,2.1496522943868235,2.2736670256561022,18.3,85.94156238836209,0.0,134.33634562086687
beep card share,70%,0.03,2/5,13.971333157348646,13.95905376144418,13.811463928383967,14.106643594504392,42.266666666666666,111.25292773515251,0.0,381.7617633188527
beep card share,70%,0.1,Undivided,0.01723149652639911,0.0,0.0,0.0,4.466666666666667,27.64482671418564,0.0,0.0
beep card share,70%,0.1,6/1,0.26295011960761183,0.24571862308121276,0.22769649169522999,0.2637407544671955,4.833333333333333,56.6082820901079,0.0,41.53368164664501
beep card share,70%,0.1,5/2,0.08773647881071688,0.07050498228431776,0.06727351486039847,0.07373644970823705,5.566666666666666,50.811227379665056,0.0,6.97731186014966
beep card share,70%,0.1,4/3,0.26201318673655666,0.24478169021015758,0.23556804560159086,0.25399533481872427,7.666666666666667,68.16008873220343,0.0,22.500791227431446
beep card share,70%,0.1,3/4,1.3853425104089334,1.3681110138825345,1.3219475598978363,1.4142744678672328,14.966666666666667,82.69548124281874,0.0,98.09612746089829
beep card share,70%,0.1,2/5,10.150577611392508,10.133346114866107,9.960503805512646,10.306188424219568,36.5,105.23276930109492,0.0,320.30563192183547
beep card share,70%,0.3,Undivided,0.0437730823022299,0.0,0.0,0.0,5.5,37.71161746169107,0.0,0.0
beep card share,70%,0.3,6/1,7.882405725411849,7.83863264310962,7.546769600753078,8.130495685466164,22.766666666666666,126.30863387596115,0.0,436.0202506233453
beep card share,70%,0.3,5/2,0.8899001092730986,0.846127026970869,0.7932108314845105,0.8990432224572273,10.266666666666667,75.244480986609,0.0,77.10404291116237
beep card share,70%,0.3,4/3,0.2122831855414447,0.16851010323921478,0.16082532503158728,0.17619488144684228,5.866666666666666,53.345684525230084,0.0,16.86094419310542
beep card share,70%,0.3,3/4,0.38277598703124444,0.33900290472901456,0.32453019363190727,0.35347561582612186,8.5,73.10585378777513,0.0,31.363701871611852
beep card share,70%,0.3,2/5,2.9919721146215195,2.9481990323192893,2.8464571500396367,3.049940914598942,20.466666666666665,90.31689404049256,0.0,157.1458379601559
beep card share,85%,0.03,Undivided,0.008941854358254429,0.0,0.0,0.0,4.0,20.55252999073432,0.0,0.0
beep card share,85%,0.03,6/1,0.03558801172458788,0.026646157366333453,0.02407820637975723,0.029214108352909676,4.533333333333333,33.32471023618819,0.0,3.9136499227056296
beep card share,85%,0.03,5/2,0.0753867390267539,0.06644488466849949,0.0638223878908319,0.06906738144616707,5.7,52.95185933571737,0.0,5.761231521314116
beep card share,85%,0.03,4/3,0.28538471294944673,0.2764428585911922,0.2660688285622506,0.2868168886201338,7.9,69.9338682538857,0.0,27.506932789823164
beep card share,85%,0.03,3/4,1.5875985394977588,1.5786566851395039,1.528777955885362,1.6285354143936457,15.833333333333334,84.01693682921842,0.0,115.40527321204168
beep card share,85%,0.03,2/5,11.693647997238497,11.68470614288024,11.549740746587846,11.819671539172633,39.2,106.83874255149858,0.0,352.7900168567649
beep card share,85%,0.1,Undivided,0.013220208914917734,0.0,0.0,0.0,4.266666666666667,24.267466898277462,0.0,0.0
beep card share,85%,0.1,6/1,0.25803373291851633,0.24481352400359863,0.22673507937262666,0.2628919686345706,4.766666666666667,56.6082820901079,0.0,42.80734951506246
beep card share,85%,0.1,5/2,0.07130517873653722,0.058084969821619495,0.05500615680121332,0.06116378284202567,5.333333333333333,47.2969901234994,0.0,6.21211665443744
beep card share,85%,0.1,4/3,0.19976624257718134,0.18654603366226363,0.17943631762217915,0.1936557497023481,7.2,66.17636438512116,0.0,18.262620746525716
beep card share,85%,0.1,3/4,1.004183165049309,0.9909629561343912,0.9589464351318568,1.0229794771369256,12.866666666666667,81.27035550569495,0.0,82.98249358285344
beep card share,85%,0.1,2/5,8.344654189036067,8.331433980121151,8.185245588923621,8.477622371318681,33.36666666666667,101.49608201889728,0.0,293.4657705665371
beep card share,85%,0.3,Undivided,0.036584618644542995,0.0,0.0,0.0,5.366666666666666,35.837281547658286,0.0,0.0
beep card share,85%,0.3,6/1,7.881156948559668,7.844572329915126,7.55276665318359,8.136378006646662,22.766666666666666,126.30863387596115,0.0,441.51132973976377
beep card share,85%,0.3,5/2,0.8854422178170057,0.8488575991724626,0.7958758724875362,0.901839325857389,10.266666666666667,75.244480986609,0.0,79.28655224021276
beep card share,85%,0.3,4/3,0.19580211090993982,0.1592174922653968,0.15162215260119322,0.1668128319296004,5.733333333333333,51.978442861634115,0.0,16.52528316236475
beep card share,85%,0.3,3/4,0.30376971646928497,0.26718509782474187,0.25606059557737765,0.2783096000721061,7.6,71.35265420166652,0.0,26.41842664379721
beep card share,85%,0.3,2/5,2.294692538541746,2.258107919897203,2.176365919848579,2.339849919945827,17.966666666666665,88.1155413662677,0.0,138.31097741418904
combined,batch 100 + dispersal 60 s,0.03,Undivided,0.6769209012503619,0.0,0.0,0.0,17.5,49.03535365977199,0.0,0.0
combined,batch 100 + dispersal 60 s,0.03,6/1,1.4290549795147556,0.7521340782643935,0.7209392103530374,0.7833289461757496,24.766666666666666,53.70306132285332,0.0,17.15502995639248
combined,batch 100 + dispersal 60 s,0.03,5/2,4.04985389371248,3.3729329924621183,3.307126778971906,3.4387392059523307,40.8,62.582010588119225,0.0,60.67829584793649
combined,batch 100 + dispersal 60 s,0.03,4/3,9.678830719704552,9.001909818454186,8.913758457953296,9.090061178955075,59.86666666666667,74.85090499214172,0.0,145.81467337705126
combined,batch 100 + dispersal 60 s,0.03,3/4,20.823576849951323,20.146655948700968,20.03857977855674,20.254732118845194,79.8,96.60279878837041,0.0,296.62910916986095
combined,batch 100 + dispersal 60 s,0.03,2/5,44.98872029254187,44.31179939129151,44.16169816256397,44.461900620019044,100.46666666666667,143.58741622134343,0.0,595.7180721962068
combined,batch 100 + dispersal 60 s,0.1,Undivided,1.1094324752780513,0.0,0.0,0.0,22.166666666666668,51.35150365734139,0.0,0.0
combined,batch 100 + dispersal 60 s,0.1,6/1,1.7518335823715996,0.6424011070935479,0.603339504666504,0.6814627095205918,19.033333333333335,62.51986682319209,0.0,76.11441838768785
combined,batch 100 + dispersal 60 s,0.1,5/2,2.7073504489703444,1.5979179736922924,1.5291451468796393,1.6666908005049454,33.43333333333333,59.166131134936855,0.0,32.39841275278848
combined,batch 100 + dispersal 60 s,0.1,4/3,7.036599524547439,5.9271670492693875,5.817654256835026,6.036679841703749,51.7,70.41997726874679,0.0,101.2712538393075
combined,batch 100 + dispersal 60 s,0.1,3/4,16.273931390287018,15.164498915008965,15.009925074197426,15.319072755820503,71.53333333333333,90.14000573208273,0.0,237.38494127623957
combined,batch 100 + dispersal 60 s,0.1,2/5,36.85194307537805,35.7425106001,35.50018132419041,35.98483987600959,91.93333333333334,133.1819237997319,0.0,514.0366664909959
combined,batch 100 + dispersal 60 s,0.3,Undivided,3.028913965580266,0.0,0.0,0.0,37.9,57.81118471763402,0.0,0.0
combined,batch 100 + dispersal 60 s,0.3,6/1,24.02826846012133,20.999354494541066,19.276700960034443,22.72200802904769,49.53333333333333,155.32197118316313,304.0,699.6043257120926
combined,batch 100 + dispersal 60 s,0.3,5/2,6.004300662987005,2.975386697406738,2.884823141052012,3.065950253761464,30.133333333333333,87.46474007817181,0.0,173.90184872426548
combined,batch 100 + dispersal 60 s,0.3,4/3,3.6383690246070586,0.6094550590267929,0.552221310848475,0.6666888072051107,27.233333333333334,62.048400822993834,0.0,35.03983243890548
combined,batch 100 + dispersal 60 s,0.3,3/4,6.875508300540459,3.846594334960193,3.7170063786665395,3.9761822912538465,45.96666666666667,72.656783192677,0.0,78.28795199487446
combined,batch 100 + dispersal 60 s,0.3,2/5,18.129416314211312,15.100502348631043,14.86942098338897,15.331583713873115,65.9,103.9926221039744,0.0,281.53567458062537
