factor,level,p_qr,best_by_wait,dW_div_present_s,dW_div_present_ci_low_s,dW_div_present_ci_high_s,Lq_max_worst_present,Lq_max_undivided,T_clr_censored_present
base,base,0.03,6/1,0.07322953718834085,0.07039449838433963,0.07606457599234208,5.9,4.033333333333333,0.0
base,base,0.1,5/2,0.06159905570759369,0.05848980423632009,0.0647083071788673,5.466666666666667,4.433333333333334,0.0
base,base,0.3,4/3,0.8480058138619753,0.7950398212456776,0.9009718064782729,10.266666666666667,5.433333333333334,0.0
batch size,50 passengers,0.03,6/1,0.019944586484832334,0.018334053150468165,0.021555119819196503,3.8666666666666667,1.9,0.0
batch size,50 passengers,0.1,5/2,0.022587386983066598,0.021060250313610786,0.02411452365252241,3.3,2.2666666666666666,0.0
batch size,50 passengers,0.3,4/3,0.3275451864010007,0.3089919114632171,0.34609846133878436,5.866666666666666,3.1333333333333333,0.0
batch size,100 passengers,0.03,6/1,0.3914169327013443,0.37710235557155447,0.40573150983113415,12.766666666666667,7.366666666666666,0.0
batch size,100 passengers,0.1,5/2,0.23500534171992898,0.2251450401907276,0.24486564324913038,10.466666666666667,8.066666666666666,0.0
batch size,100 passengers,0.3,4/3,2.585066895772656,2.476898353580183,2.6932354379651287,20.4,11.366666666666667,0.0
headway,3 min,0.03,6/1,0.023783799560440067,0.022301304845241357,0.025266294275638777,4.366666666666666,2.533333333333333,0.0
headway,3 min,0.1,5/2,0.026098121723828152,0.024329203358465078,0.027867040089191226,3.8666666666666667,2.7666666666666666,0.0
headway,3 min,0.3,4/3,0.36320510710400244,0.34224888845826107,0.3841613257497438,6.266666666666667,3.533333333333333,0.0
headway,5 min,0.03,6/1,0.194678273886489,0.1849952391898228,0.2043613085831552,8.533333333333333,5.266666666666667,0.0
headway,5 min,0.1,5/2,0.12942440552478407,0.12253162125536264,0.13631718979420548,7.666666666666667,5.833333333333333,0.0
headway,5 min,0.3,4/3,1.6800663084362684,1.569134321943022,1.7909982949295147,15.066666666666666,7.866666666666666,0.0
dispersal,60 s,0.03,6/1,0.4444904221919043,0.42642506758652793,0.4625557767972807,12.333333333333334,7.1,0.0
dispersal,60 s,0.1,5/2,0.25638573404415965,0.24519653878527414,0.26757492930304516,10.433333333333334,8.233333333333333,0.0
dispersal,60 s,0.3,4/3,2.0894772181238683,1.979736400045211,2.199218036202526,17.633333333333333,11.366666666666667,0.0
dispersal,120 s,0.03,6/1,0.024126545178537278,0.022820815699358357,0.0254322746577162,4.3,2.6333333333333333,0.0
dispersal,120 s,0.1,5/2,0.026228653920768858,0.02421235634472729,0.028244951496810427,3.8666666666666667,2.8333333333333335,0.0
dispersal,120 s,0.3,4/3,0.37903219895882867,0.35920649760476775,0.3988579003128896,6.3,3.6333333333333333,0.0
background rate,0 per min,0.03,6/1,0.07429801839187629,0.07047599364771334,0.07812004313603924,5.933333333333334,3.966666666666667,0.0
background rate,0 per min,0.1,5/2,0.0608064272815776,0.05740355856085153,0.06420929600230366,5.5,4.333333333333333,0.0
background rate,0 per min,0.3,4/3,0.8317799304087461,0.7800974148767486,0.8834624459407436,9.766666666666667,5.433333333333334,0.0
background rate,2 per min,0.03,6/1,0.08022105715003716,0.07705971154104936,0.08338240275902496,6.2,4.233333333333333,0.0
background rate,2 per min,0.1,5/2,0.06580256530743936,0.06289138857078586,0.06871374204409286,5.5,4.533333333333333,0.0
background rate,2 per min,0.3,4/3,0.8907848640715077,0.8407481508891816,0.9408215772538338,10.7,5.766666666666667,0.0
beep service,x0.8,0.03,6/1,0.032859039505330846,0.031386106426356315,0.03433197258430538,5.0,3.2666666666666666,0.0
beep service,x0.8,0.1,5/2,0.03815277648202652,0.035575861255444534,0.04072969170860851,4.466666666666667,3.6666666666666665,0.0
beep service,x0.8,0.3,4/3,0.8546083234875032,0.8012078948674491,0.9080087521075572,10.266666666666667,5.033333333333333,0.0
beep service,x1.2,0.03,6/1,0.1511763402735297,0.145397188918729,0.1569554916283304,7.1,4.6,0.0
beep service,x1.2,0.1,5/2,0.10697687281378594,0.10237303259266697,0.11158071303490491,6.433333333333334,4.966666666666667,0.0
beep service,x1.2,0.3,4/3,0.8405849904214174,0.7881782536255123,0.8929917272173226,10.266666666666667,6.1,0.0
SJT service,x0.8,0.03,6/1,0.05733054997696367,0.0550768284997193,0.05958427145420804,5.5,3.8666666666666667,0.0
SJT service,x0.8,0.1,5/2,0.05257007135468785,0.049711768146249315,0.05542837456312639,5.033333333333333,4.2,0.0
SJT service,x0.8,0.3,4/3,0.8502275488594673,0.7971020894289441,0.9033530082899904,10.266666666666667,5.266666666666667,0.0
SJT service,x1.2,0.03,6/1,0.09359861828317086,0.08993485427595635,0.09726238229038536,6.133333333333334,4.3,0.0
SJT service,x1.2,0.1,5/2,0.07314117721831484,0.06937547790174824,0.07690687653488144,5.766666666666667,4.7,0.0
SJT service,x1.2,0.3,4/3,0.8456231183561279,0.792857957969511,0.8983882787427449,10.266666666666667,5.633333333333334,0.0
QR service,x0.75,0.03,6/1,0.07385124804015511,0.07100443666203103,0.07669805941827919,5.9,3.933333333333333,0.0
QR service,x0.75,0.1,5/2,0.05370331467189266,0.051169530718003634,0.05623709862578169,5.466666666666667,4.1,0.0
QR service,x0.75,0.3,4/3,0.2807850612607916,0.26571840536764807,0.29585171715393516,6.266666666666667,4.466666666666667,0.0
QR service,x1.25,0.03,6/1,0.07278969913241612,0.0698868252285415,0.07569257303629073,5.9,4.1,0.0
QR service,x1.25,0.1,5/2,0.07539102606362062,0.070829729706638,0.07995232242060324,5.466666666666667,4.766666666666667,0.0
QR service,x1.25,0.3,3/4,1.9304028442060532,1.818503284811019,2.0423024036010875,14.466666666666667,6.633333333333334,0.0
beep card share,70%,0.03,6/1,0.08750106036989216,0.0840971945569893,0.09090492618279503,6.233333333333333,4.2,0.0
beep card share,70%,0.1,5/2,0.07050498228431776,0.06727351486039847,0.07373644970823705,5.566666666666666,4.466666666666667,0.0
beep card share,70%,0.3,4/3,0.846127026970869,0.7932108314845105,0.8990432224572273,10.266666666666667,5.5,0.0
beep card share,85%,0.03,6/1,0.06644488466849949,0.0638223878908319,0.06906738144616707,5.7,4.0,0.0
beep card share,85%,0.1,5/2,0.058084969821619495,0.05500615680121332,0.06116378284202567,5.333333333333333,4.266666666666667,0.0
beep card share,85%,0.3,4/3,0.8488575991724626,0.7958758724875362,0.901839325857389,10.266666666666667,5.366666666666666,0.0
combined,batch 100 + dispersal 60 s,0.03,6/1,3.3729329924621183,3.307126778971906,3.4387392059523307,40.8,17.5,0.0
combined,batch 100 + dispersal 60 s,0.1,6/1,1.5979179736922924,1.5291451468796393,1.6666908005049454,33.43333333333333,22.166666666666668,0.0
combined,batch 100 + dispersal 60 s,0.3,4/3,2.975386697406738,2.884823141052012,3.065950253761464,30.133333333333333,37.9,0.0
