p_qr,config,Wq_s,Wq_beep_s,Wq_sjt_s,Wq_qr_s,share_All,share_A,share_B,rho_All,rho_A,rho_B,misrouted
0.03,Undivided,1.7732281384717402e-05,2.057320034859203e-05,7.5740658282578175e-06,0.0,1.0,,,0.1253611001296168,,,0
0.03,6/1,0.00460402772408433,0.0001099133032169253,0.00010886696612350299,0.14516588391475874,,0.9695198508729898,0.03048014912701012,,0.13789268402501972,0.0501715967571992,0
0.03,5/2,0.0008905724095557579,0.0008963688211949951,0.0007376911502485782,0.0015022451324323077,,0.9695198508729898,0.03048014912701012,,0.1654711069837238,0.0250857983785996,0
0.03,4/3,0.006582445677764509,0.0068293901960344155,0.006618570623711928,0.0,,0.9695198508729898,0.03048014912701012,,0.20683830925328925,0.016723865585733064,0
0.03,3/4,0.045731509735441496,0.04707259693475734,0.04767748298988054,0.0,,0.9695198508729898,0.03048014912701012,,0.27578422507262346,0.0125428991892998,0
0.03,2/5,0.32325828590924505,0.3316828281447355,0.3418510280187019,0.0,,0.9695198508729898,0.03048014912701012,,0.41368265596272386,0.01003431935143984,0
0.3,Undivided,8.216844805329743e-05,8.690531402724038e-05,6.227851124066608e-05,8.145570945060086e-05,1.0,,,0.15613658295798682,,,0
0.3,6/1,0.8660013832547622,2.1615355949442287e-05,3.79272771082394e-05,2.876181847396504,,0.6992796056696976,0.30072039433030257,,0.0994248179971746,0.49641534228373163,0
0.3,5/2,0.0659454314615829,0.00017338644020133175,0.00015980913082937036,0.21876728429773504,,0.6992796056696976,0.30072039433030257,,0.11930978159660957,0.24820191718270454,0
0.3,4/3,0.008493578361916564,0.0019118415847036484,0.0022476312808128716,0.023663632057371372,,0.6992796056696976,0.30072039433030257,,0.14913722699576196,0.1654690575742866,0
0.3,3/4,0.01330532223788879,0.01821030186029748,0.017285883181778865,0.002258971295816384,,0.6992796056696976,0.30072039433030257,,0.19884895211988668,0.12410179318071493,0
0.3,2/5,0.11191915756403886,0.1601956541876201,0.15869775402198807,0.00014894093507227148,,0.6992796056696976,0.30072039433030257,,0.29827259159996566,0.09928143454457196,0
