p_qr,config,replications,Wq_s_mean,Wq_s_ci_low,Wq_s_ci_high,n_passengers_mean,n_passengers_ci_low,n_passengers_ci_high,Wq_beep_s_mean,Wq_beep_s_ci_low,Wq_beep_s_ci_high,W_beep_s_mean,W_beep_s_ci_low,W_beep_s_ci_high,Wq_sjt_s_mean,Wq_sjt_s_ci_low,Wq_sjt_s_ci_high,W_sjt_s_mean,W_sjt_s_ci_low,W_sjt_s_ci_high,Wq_qr_s_mean,Wq_qr_s_ci_low,Wq_qr_s_ci_high,W_qr_s_mean,W_qr_s_ci_low,W_qr_s_ci_high,dW_s_mean,dW_s_ci_low,dW_s_ci_high,T_blk_gate_min_mean,T_blk_gate_min_ci_low,T_blk_gate_min_ci_high,X_per_hr_mean,X_per_hr_ci_low,X_per_hr_ci_high,n_All_mean,n_All_ci_low,n_All_ci_high,Wq_bank_All_s_mean,Wq_bank_All_s_ci_low,Wq_bank_All_s_ci_high,rho_All_mean,rho_All_ci_low,rho_All_ci_high,Lq_max_All_mean,Lq_max_All_ci_low,Lq_max_All_ci_high,T_clr_All_s_mean,T_clr_All_s_ci_low,T_clr_All_s_ci_high,T_clr_censored_All_mean,T_clr_censored_All_ci_low,T_clr_censored_All_ci_high,R_All_mean,R_All_ci_low,R_All_ci_high,n_A_mean,n_A_ci_low,n_A_ci_high,Wq_bank_A_s_mean,Wq_bank_A_s_ci_low,Wq_bank_A_s_ci_high,rho_A_mean,rho_A_ci_low,rho_A_ci_high,Lq_max_A_mean,Lq_max_A_ci_low,Lq_max_A_ci_high,T_clr_A_s_mean,T_clr_A_s_ci_low,T_clr_A_s_ci_high,T_clr_censored_A_mean,T_clr_censored_A_ci_low,T_clr_censored_A_ci_high,R_A_mean,R_A_ci_low,R_A_ci_high,n_B_mean,n_B_ci_low,n_B_ci_high,Wq_bank_B_s_mean,Wq_bank_B_s_ci_low,Wq_bank_B_s_ci_high,rho_B_mean,rho_B_ci_low,rho_B_ci_high,Lq_max_B_mean,Lq_max_B_ci_low,Lq_max_B_ci_high,T_clr_B_s_mean,T_clr_B_s_ci_low,T_clr_B_s_ci_high,T_clr_censored_B_mean,T_clr_censored_B_ci_low,T_clr_censored_B_ci_high,R_B_mean,R_B_ci_low,R_B_ci_high,dW_div_s_mean,dW_div_s_ci_low,dW_div_s_ci_high
0.03,Undivided,30,0.010064927668716445,0.008835288743153362,0.011294566594279527,3877.6666666666665,3873.1908031885428,3882.1425301447903,0.009762199871433437,0.00861500634927596,0.010909393393590913,2.676292004624942,2.6739679752897296,2.678616033960154,0.011241632392264644,0.009138461917254117,0.013344802867275171,3.676950889430034,3.6684753737261593,3.6854264051339083,0.011453371406397421,0.008325874038464106,0.014580868774330737,5.492654619191797,5.468217355017888,5.5170918833657066,0.007541259256418415,0.005853669281312764,0.009228849231524066,0.0,0.0,0.0,1107.895238095238,1106.6209858173813,1109.1694903730947,3877.6666666666665,3873.1908031885428,3882.1425301447903,0.010064927668716445,0.008835288743153362,0.011294566594279527,0.1284832493704044,0.12829804889182275,0.12866844984898604,4.033333333333333,3.6868656488116707,4.379801017854996,21.648085134304846,20.474561309028225,22.821608959581468,0.0,0.0,0.0,0.0,0.0,0.0,,,,,,,,,,,,,,,,,,,,,,,,,,,,,,,,,,,,,,,,,,,0.0,0.0,0.0
0.03,6/1,30,0.038148470986111814,0.035134435161590205,0.04116250681063342,3877.6666666666665,3873.1908031885428,3882.1425301447903,0.023958208189734764,0.022309562471994525,0.025606853907475004,2.690488012943243,2.687896350802159,2.693079675084327,0.02542716766963225,0.022802164442425887,0.02805217089683861,3.6911364247074014,3.682420362665366,3.6998524867494367,0.4761018819991417,0.40327992776691923,0.5489238362313642,5.957303129784541,5.8825989748733925,6.032007284695689,0.454348279122866,0.38188109007431714,0.5268154681714149,3.9566477126757227,3.4843697673888534,4.428925657962592,1107.895238095238,1106.6209858173813,1109.1694903730947,,,,,,,,,,,,,,,,,,,,,,3759.633333333333,3753.4248218163434,3765.841844850323,0.024215554001337146,0.022666601654686237,0.025764506347988055,0.1413390842609986,0.14108232560267303,0.14159584291932414,4.666666666666667,4.32228685462941,5.011046478703924,34.396377873795366,33.416509154588034,35.3762465930027,0.0,0.0,0.0,0.0,0.0,0.0,118.03333333333333,114.30251385158671,121.76415281507995,0.4761018819991417,0.40327992776691923,0.5489238362313642,0.0513482400268391,0.0497020658915015,0.05299441416217669,1.8,1.5721262339726623,2.027873766027338,11.811339764981293,10.552697783248579,13.069981746714006,0.0,0.0,0.0,0.0,0.0,0.0,0.028083543317395366,0.025602912329512145,0.030564174305278587
0.03,5/2,30,0.08329446485705727,0.07968139494376236,0.08690753477035218,3877.6666666666665,3873.1908031885428,3882.1425301447903,0.08503952924547614,0.08125616422187072,0.08882289426908156,2.751569333998985,2.747340373057966,2.7557982949400035,0.08648524215959015,0.0816238779809551,0.0913466063382252,3.7521944991973593,3.7431613426680905,3.761227655726628,0.019621926920753974,0.01031364620089437,0.02893020764061358,5.500823174706154,5.475708895712211,5.525937453700097,0.0716094963637985,0.06311964761771224,0.08009934510988476,6.234184380074598,6.036101966683605,6.432266793465592,1107.895238095238,1106.6209858173813,1109.1694903730947,,,,,,,,,,,,,,,,,,,,,,3759.633333333333,3753.4248218163434,3765.841844850323,0.08528428805130632,0.0815994253939564,0.08896915070865624,0.16960690111319837,0.16929879072320772,0.16991501150318902,5.9,5.541707198467902,6.258292801532098,54.09606724974554,53.067440328726036,55.12469417076504,0.0,0.0,0.0,0.0,0.0,0.0,118.03333333333333,114.30251385158671,121.76415281507995,0.019621926920753974,0.01031364620089437,0.02893020764061358,0.025674120013419545,0.02485103294575075,0.02649720708108834,0.7333333333333333,0.5155284160896524,0.9511382505770142,1.0098499565285877,0.5793914584592914,1.440308454597884,0.0,0.0,0.0,0.0,0.0,0.0,0.07322953718834085,0.07039449838433963,0.07606457599234208
0.03,4/3,30,0.31586069740855366,0.3044694034280083,0.327251991389099,3877.6666666666665,3873.1908031885428,3882.1425301447903,0.325860646243475,0.3140477515436992,0.3376735409432508,2.9923904509969828,2.9802001231864526,3.004580778807513,0.3254941024916386,0.3099057760214219,0.34108242896185537,3.9912033595294085,3.973520186870444,4.008886532188373,0.00021760661055075518,-0.00012312154535480276,0.0005583347664563131,5.481418854395951,5.456520454192745,5.506317254599157,0.3380140887994204,0.325761049868463,0.3502671277303778,29.620737077561216,29.152644780918944,30.08882937420349,1107.895238095238,1106.6209858173813,1109.1694903730947,,,,,,,,,,,,,,,,,,,,,,3759.633333333333,3753.4248218163434,3765.841844850323,0.32578610082797665,0.3139754954650831,0.33759670619087023,0.2120086263914979,0.21162348840400957,0.21239376437898622,8.4,7.903844931081478,8.896155068918523,70.61730648188264,69.63796894148166,71.59664402228361,0.0,0.0,0.0,0.0,0.0,0.0,118.03333333333333,114.30251385158671,121.76415281507995,0.00021760661055075518,-0.00012312154535480276,0.0005583347664563131,0.01711608000894636,0.01656735529716716,0.01766480472072556,0.06666666666666667,-0.028069506656465057,0.16140283998979837,0.06113373066205685,-0.03054202718682124,0.15280948851093495,0.0,0.0,0.0,0.0,0.0,0.0,0.30579576973983724,0.2947680646362877,0.3168234748433868
0.03,3/4,30,1.7836733961127038,1.729944751697224,1.8374020405281837,3877.6666666666665,3873.1908031885428,3882.1425301447903,1.8348800783905246,1.7806834858005745,1.8890766709804747,4.501409883144033,4.446769490725169,4.556050275562898,1.8629272971850257,1.7932220439102706,1.9326325504597808,5.528636554222795,5.456632554001088,5.600640554444503,0.0,0.0,0.0,5.481201247785399,5.456272743254384,5.506129752316414,1.8917356721149978,1.8309145838081078,1.9525567604218879,121.90039603514914,120.82637342544014,122.97441864485815,1107.895238095238,1106.6209858173813,1109.1694903730947,,,,,,,,,,,,,,,,,,,,,,3759.633333333333,3753.4248218163434,3765.841844850323,1.8396612270850585,1.784310539841465,1.8950119143286521,0.2826781685219972,0.28216465120534606,0.2831916858386483,16.7,15.708901918481727,17.69109808151827,84.61072146096761,84.00131177037738,85.22013115155784,0.0,0.0,0.0,0.0,0.0,0.0,118.03333333333333,114.30251385158671,121.76415281507995,0.0,0.0,0.0,0.012837060006709772,0.012425516472875375,0.01324860354054417,0.0,0.0,0.0,0.0,0.0,0.0,0.0,0.0,0.0,0.0,0.0,0.0,1.7736084684439875,1.7199850605215796,1.8272318763663953
0.03,2/5,30,12.451128322539887,12.315673206210912,12.586583438868862,3877.6666666666665,3873.1908031885428,3882.1425301447903,12.828932613228563,12.68062830172809,12.977236924729036,15.495462417982072,15.347051033120122,15.643873802844022,12.908191349698399,12.709460420004383,13.106922279392414,16.573900606736167,16.375392981385616,16.77240823208672,0.0,0.0,0.0,5.481201247785399,5.456272743254384,5.506129752316414,13.086644685835676,12.936687641019148,13.236601730652204,362.50716933667115,360.95997537568195,364.05436329766036,1107.895238095238,1106.6209858173813,1109.1694903730947,,,,,,,,,,,,,,,,,,,,,,3759.633333333333,3753.4248218163434,3765.841844850323,12.841907531254005,12.704620587221392,12.979194475286619,0.42401725278299585,0.4232469768080192,0.4247875287579725,40.266666666666666,39.32133717403085,41.21199615930248,108.35035797177241,108.06188291753683,108.63883302600799,0.0,0.0,0.0,0.0,0.0,0.0,118.03333333333333,114.30251385158671,121.76415281507995,0.0,0.0,0.0,0.010269648005367817,0.009940413178300299,0.010598882832435335,0.0,0.0,0.0,0.0,0.0,0.0,0.0,0.0,0.0,0.0,0.0,0.0,12.441063394871172,12.305125655774168,12.577001133968176
0.05,Undivided,30,0.011155280692708434,0.009795312494796801,0.012515248890620067,3877.6666666666665,3873.1908031885428,3882.1425301447903,0.010915678148662362,0.009596280055407198,0.012235076241917525,2.677606183471682,2.675117020158076,2.6800953467852886,0.01231377229673203,0.01023729355242563,0.014390251041038431,3.6758467135345625,3.6673848660449466,3.6843085610241784,0.011008253647300214,0.008025248916070208,0.01399125837853022,5.505350764451043,5.4821683420167036,5.528533186885382,0.007155924270473639,0.005467849674932283,0.008843998866014995,0.0,0.0,0.0,1107.895238095238,1106.6209858173813,1109.1694903730947,3877.6666666666665,3873.1908031885428,3882.1425301447903,0.011155280692708434,0.009795312494796801,0.012515248890620067,0.13081741415016288,0.13059813582784238,0.13103669247248337,4.1,3.741707198467902,4.458292801532098,22.732533298819057,21.547070821164255,23.91799577647386,0.0,0.0,0.0,0.0,0.0,0.0,,,,,,,,,,,,,,,,,,,,,,,,,,,,,,,,,,,,,,,,,,,0.0,0.0,0.0
0.05,6/1,30,0.06476259790564744,0.059029947649838134,0.07049524816145673,3877.6666666666665,3873.1908031885428,3882.1425301447903,0.022086222265703427,0.02027655368054621,0.023895890850860645,2.688776727588723,2.686016309519015,2.691537145658431,0.02250934574514232,0.019843667713780218,0.02517502377650442,3.686042286982972,3.677456898028356,3.6946276759375882,0.8599657522366722,0.769968674502303,0.9499628299710413,6.354308263040414,6.261401673855029,6.447214852225799,0.8404953723157909,0.7510522858750661,0.9299384587565156,9.722867488921045,8.760711695264233,10.685023282577857,1107.895238095238,1106.6209858173813,1109.1694903730947,,,,,,,,,,,,,,,,,,,,,,3682.266666666667,3675.3681891730935,3689.1651441602403,0.022163335076441804,0.020470010429371847,0.02385665972351176,0.13841859692786843,0.13816094749402377,0.13867624636171308,4.533333333333333,4.132200065799469,4.934466600867197,32.64211884234579,31.607446555129684,33.67679112956189,0.0,0.0,0.0,0.0,0.0,0.0,195.4,190.60240881267836,200.19759118732165,0.8599657522366722,0.769968674502303,0.9499628299710413,0.08521031748392956,0.08305762004527358,0.08736301492258554,2.3333333333333335,2.154298794208392,2.5123678724582748,26.36998375693963,24.683674074071973,28.056293439807284,0.0,0.0,0.0,0.0,0.0,0.0,0.05360731721293899,0.048339182740895284,0.05887545168498269
0.05,5/2,30,0.07756702668967745,0.07366861646141648,0.08146543691793842,3877.6666666666665,3873.1908031885428,3882.1425301447903,0.07915956478941336,0.07506418260972682,0.0832549469690999,2.745850070112433,2.7412117121112263,2.75048842811364,0.07867285997770582,0.07373082630283657,0.08361489365257506,3.7422058012155364,3.7334723366581217,3.750939265772951,0.04839285241544797,0.03738207082133776,0.05940363400955818,5.542735363219191,5.51690396204617,5.568566764392212,0.03975819356416379,0.031319175621421065,0.048197211506906514,5.74996237866431,5.520580469568894,5.979344287759726,1107.895238095238,1106.6209858173813,1109.1694903730947,,,,,,,,,,,,,,,,,,,,,,3682.266666666667,3675.3681891730935,3689.1651441602403,0.07908329086114549,0.07512246632483409,0.08304411539745689,0.1661023163134421,0.16579313699282852,0.1664114956340557,5.8,5.390954071573459,6.209045928426541,52.429771817927175,51.26377578199953,53.595767853854824,0.0,0.0,0.0,0.0,0.0,0.0,195.4,190.60240881267836,200.19759118732165,0.04839285241544797,0.03738207082133776,0.05940363400955818,0.04260515874196478,0.041528810022636795,0.04368150746129276,1.1666666666666667,0.994476760648038,1.3388565726852955,3.78454886739022,3.076919506249613,4.492178228530827,0.0,0.0,0.0,0.0,0.0,0.0,0.06641174599696902,0.06325357884427861,0.06956991314965942
0.05,4/3,30,0.28526443066949875,0.27448765763955757,0.2960412036994399,3877.6666666666665,3873.1908031885428,3882.1425301447903,0.30048848287199187,0.2890642853964768,0.3119126803475069,2.9671789881950112,2.9553897139047693,2.978968262485253,0.29954351515643296,0.2854471282248993,0.3136399020879666,3.9630764563942633,3.9472800223540725,3.978872890434454,0.0011138193794251396,-1.3727567435597911e-05,0.002241366326285877,5.495456330183169,5.472051929628012,5.518860730738325,0.3085042818800729,0.29650801932294873,0.32050054443719705,26.427936860367016,25.92685539852361,26.92901832221042,1107.895238095238,1106.6209858173813,1109.1694903730947,,,,,,,,,,,,,,,,,,,,,,3682.266666666667,3675.3681891730935,3689.1651441602403,0.30035887636912995,0.2889506517689154,0.3117671009693445,0.20762789539180274,0.20724142124103576,0.20801436954256972,8.133333333333333,7.68682248490744,8.579844181759226,69.56893476708291,68.58852838476065,70.54934114940517,0.0,0.0,0.0,0.0,0.0,0.0,195.4,190.60240881267836,200.19759118732165,0.0011138193794251396,-1.3727567435597911e-05,0.002241366326285877,0.02840343916130985,0.027685873348424525,0.029121004974195175,0.2,0.04808415598177476,0.3519158440182253,0.23956392388264067,0.02947778407063903,0.44965006369464233,0.0,0.0,0.0,0.0,0.0,0.0,0.27410914997679026,0.263686001759381,0.2845322981941995
0.05,3/4,30,1.5715498288383893,1.5186554261048748,1.6244442315719039,3877.6666666666665,3873.1908031885428,3882.1425301447903,1.6496864631094124,1.5952968437191224,1.7040760824997023,4.316376968432433,4.2615044946099845,4.371249442254881,1.6797981605264602,1.6126436209008128,1.7469527001521077,5.34333110176429,5.274241996879962,5.412420206648619,0.0,0.0,0.0,5.494342510803744,5.471160148733144,5.517524872874343,1.69893562824101,1.635382612638747,1.762488643843273,111.73516096963657,110.40131342387149,113.06900851540165,1107.895238095238,1106.6209858173813,1109.1694903730947,,,,,,,,,,,,,,,,,,,,,,3682.266666666667,3675.3681891730935,3689.1651441602403,1.654934802903814,1.5993205082606101,1.710549097547018,0.27683719385573685,0.27632189498804755,0.27735249272342616,16.0,15.014496577453782,16.98550342254622,83.81204023675183,83.209649152154,84.41443132134965,0.0,0.0,0.0,0.0,0.0,0.0,195.4,190.60240881267836,200.19759118732165,0.0,0.0,0.0,0.02130257937098239,0.020764405011318397,0.02184075373064638,0.0,0.0,0.0,0.0,0.0,0.0,0.0,0.0,0.0,0.0,0.0,0.0,1.5603945481456811,1.5076721456820432,1.613116950609319
0.05,2/5,30,11.39468294889475,11.249772175916249,11.539593721873253,3877.6666666666665,3873.1908031885428,3882.1425301447903,11.985331689026006,11.829340180123758,12.141323197928255,14.652022194349026,14.496043058748372,14.80800132994968,12.065980780412854,11.865100289754958,12.26686127107075,15.729513721650687,15.52772469517447,15.931302748126903,0.0,0.0,0.0,5.494342510803744,5.471160148733144,5.517524872874343,12.234580425236487,12.069986531180536,12.399174319292438,345.00513566828425,343.27985465592775,346.73041668064076,1107.895238095238,1106.6209858173813,1109.1694903730947,,,,,,,,,,,,,,,,,,,,,,3682.266666666667,3675.3681891730935,3689.1651441602403,11.998913623438268,11.852379823346551,12.145447423529985,0.41525579078360547,0.4144828424820715,0.41602873908513943,39.0,38.173721172936645,39.826278827063355,106.68679796878511,106.39304201599828,106.98055392157195,0.0,0.0,0.0,0.0,0.0,0.0,195.4,190.60240881267836,200.19759118732165,0.0,0.0,0.0,0.017042063496785918,0.016611524009054725,0.01747260298451711,0.0,0.0,0.0,0.0,0.0,0.0,0.0,0.0,0.0,0.0,0.0,0.0,11.383527668202044,11.23808256835334,11.528972768050748
0.1,Undivided,30,0.014521396460937112,0.012980415693538088,0.016062377228336134,3877.6666666666665,3873.1908031885428,3882.1425301447903,0.014141776568623598,0.012655829993390131,0.015627723143857065,2.6808017712908123,2.67820551440285,2.683398028178775,0.015660092699484176,0.013304839306222371,0.01801534609274598,3.678926141215287,3.669638659398961,3.688213623031613,0.015615806255234621,0.01210517043839525,0.01912644207207399,5.513694761939012,5.496254896526275,5.53113462735175,0.008454068869630012,0.006321450694635439,0.010586687044624586,0.0,0.0,0.0,1107.895238095238,1106.6209858173813,1109.1694903730947,3877.6666666666665,3873.1908031885428,3882.1425301447903,0.014521396460937112,0.012980415693538088,0.016062377228336134,0.136612206746463,0.13635311235615163,0.13687130113677434,4.433333333333334,4.12818578081149,4.738480885855177,25.493415365172595,24.46123799027156,26.52559274007363,0.0,0.0,0.0,0.0,0.0,0.0,,,,,,,,,,,,,,,,,,,,,,,,,,,,,,,,,,,,,,,,,,,0.0,0.0,0.0
0.1,6/1,30,0.2595642738460325,0.24142611607382147,0.2777024316182435,3877.6666666666665,3873.1908031885428,3882.1425301447903,0.017100484359674924,0.015687355427218743,0.018513613292131106,2.683760479081863,2.681066658478778,2.686454299684948,0.01708162854917452,0.01478494384933469,0.01937831324901435,3.6803476770649777,3.6708517733257384,3.689843580804217,2.424093413657092,2.2686438098835313,2.579543017430653,7.9221723693408705,7.761704126690423,8.082640611991318,2.4090160621148202,2.253858711999959,2.5641734122296813,42.39703523148384,40.005539100261515,44.788531362706166,1107.895238095238,1106.6209858173813,1109.1694903730947,,,,,,,,,,,,,,,,,,,,,,3488.733333333333,3479.110863906326,3498.3558027603403,0.017101522646851375,0.01567853569559588,0.01852450959810687,0.1310994629393671,0.13071415805143694,0.1314847678272973,4.2,3.815179844807315,4.584820155192686,27.97122772652027,26.734878624358178,29.20757682868236,0.0,0.0,0.0,0.0,0.0,0.0,388.93333333333334,380.92890751824723,396.93775914841945,2.424093413657092,2.2686438098835313,2.579543017430653,0.1696886695890383,0.1663356520737642,0.17304168710431242,4.5,4.193803827368687,4.806196172631313,56.6082820901079,55.11685795473931,58.09970622547649,0.0,0.0,0.0,0.0,0.0,0.0,0.2450428773850954,0.22698980473274866,0.26309595003744213
0.1,5/2,30,0.07612045216853078,0.0722429519039743,0.07999795243308726,3877.6666666666665,3873.1908031885428,3882.1425301447903,0.0618004999379963,0.058448632734400895,0.06515236714159171,2.7284604946601845,2.7245275947236496,2.7323933945967194,0.06453001186883299,0.060587913420316754,0.06847211031734922,3.727796060384636,3.7176752154442316,3.7379169053250405,0.19896089233205935,0.17663763639489477,0.22128414826922393,5.6970398480158355,5.667504455598964,5.726575240432707,0.1390853636168903,0.11722889415147039,0.16094183308231022,6.4260371454282,6.064329593103138,6.787744697753262,1107.895238095238,1106.6209858173813,1109.1694903730947,,,,,,,,,,,,,,,,,,,,,,3488.733333333333,3479.110863906326,3498.3558027603403,0.06229578074083344,0.05902189236246396,0.06556966911920291,0.15731935552724055,0.15685698966172434,0.15778172139275676,5.466666666666667,5.053721260853382,5.879612072479952,48.3149772515084,47.2377916243029,49.392162878713904,0.0,0.0,0.0,0.0,0.0,0.0,388.93333333333334,380.92890751824723,396.93775914841945,0.19896089233205935,0.17663763639489477,0.22128414826922393,0.08484433479451915,0.0831678260368821,0.08652084355215621,2.566666666666667,2.313157299521469,2.820176033811865,18.13144306667248,16.806728463823838,19.456157669521126,0.0,0.0,0.0,0.0,0.0,0.0,0.06159905570759369,0.05848980423632009,0.0647083071788673
0.1,4/3,30,0.21823226245462146,0.21000846012130608,0.22645606478793684,3877.6666666666665,3873.1908031885428,3882.1425301447903,0.2394478893556581,0.23037300011305167,0.24852277859826455,2.906107884077846,2.8967945154380197,2.9154212527176724,0.2436329949975038,0.23234176965690365,0.25492422033810397,3.906899043513307,3.892076247253482,3.9217218397731317,0.020783972098509528,0.01627047927950856,0.025297464917510497,5.518862927782285,5.501413035566312,5.536312819998258,0.22998944719800643,0.21965298149188298,0.24032591290412988,19.542180168378387,19.08532880398455,19.999031532772225,1107.895238095238,1106.6209858173813,1109.1694903730947,,,,,,,,,,,,,,,,,,,,,,3488.733333333333,3479.110863906326,3498.3558027603403,0.24020992944665062,0.23123888982175803,0.24918096907154322,0.19664919440905068,0.1960712370771554,0.19722715174094596,7.366666666666666,6.862024224479667,7.871309108853666,66.88808311312927,65.98188977898839,67.79427644727015,0.0,0.0,0.0,0.0,0.0,0.0,388.93333333333334,380.92890751824723,396.93775914841945,0.020783972098509528,0.01627047927950856,0.025297464917510497,0.056562889863012764,0.05544521735792139,0.057680562368104135,1.3333333333333333,1.0865512517727136,1.580115414893953,3.8376460100351113,2.9704765604478593,4.704815459622363,0.0,0.0,0.0,0.0,0.0,0.0,0.20371086599368443,0.19605710387387704,0.21136462811349183
0.1,3/4,30,1.1187691741733716,1.0822455773167432,1.15529277103,3877.6666666666665,3873.1908031885428,3882.1425301447903,1.2383791578532604,1.19889996793122,1.2778583477753007,3.9050391525754486,3.8651872855688456,3.9448910195820517,1.2649821193885624,1.2173054592456138,1.312658779531511,4.928248167904366,4.880786118600721,4.975710217208011,0.0015631951116310038,0.0002995931623400827,0.002826797060921925,5.49964215079541,5.483420034011817,5.515864267579002,1.28424938174338,1.2404918344324585,1.3280069290543015,87.83190763946564,86.3511318618563,89.31268341707498,1107.895238095238,1106.6209858173813,1109.1694903730947,,,,,,,,,,,,,,,,,,,,,,3488.733333333333,3479.110863906326,3498.3558027603403,1.2431247674130665,1.203588789702139,1.2826607451239942,0.2621989258787342,0.26142831610287387,0.2629695356545946,13.533333333333333,12.685609044311938,14.381057622354728,81.75633893383103,81.07046514923873,82.44221271842333,0.0,0.0,0.0,0.0,0.0,0.0,388.93333333333334,380.92890751824723,396.93775914841945,0.0015631951116310038,0.0002995931623400827,0.002826797060921925,0.04242216739725956,0.041583913018441034,0.04326042177607809,0.4,0.1896820374871451,0.610317962512855,0.43159286125302637,0.14941378055791366,0.7137719419481391,0.0,0.0,0.0,0.0,0.0,0.0,1.1042477777124344,1.0681097087346143,1.1403858466902546
0.1,2/5,30,8.928355334369108,8.774979888131744,9.081730780606472,3877.6666666666665,3873.1908031885428,3882.1425301447903,9.91292988524631,9.753662335198017,10.072197435294603,12.579589879968498,12.420579789704632,12.738599970232364,9.969472125533887,9.742374286549456,10.196569964518318,13.63273817404969,13.406135484302187,13.859340863797193,0.00011913517026683628,-0.0001245236113834239,0.00036279395191709645,5.498198090854044,5.48186088564502,5.514535296063068,10.133697632397602,9.956486897235598,10.310908367559607,302.38904287271765,300.2451225701018,304.5329631753335,1107.895238095238,1106.6209858173813,1109.1694903730947,,,,,,,,,,,,,,,,,,,,,,3488.733333333333,3479.110863906326,3498.3558027603403,9.922487309326074,9.76448023519243,10.080494383459719,0.39329838881810136,0.3921424741543108,0.3944543034818919,34.46666666666667,33.448843108492824,35.48449022484051,102.68856375459787,102.26581545628115,103.11131205291458,0.0,0.0,0.0,0.0,0.0,0.0,388.93333333333334,380.92890751824723,396.93775914841945,0.00011913517026683628,-0.0001245236113834239,0.00036279395191709645,0.033937733917807654,0.03326713041475283,0.03460833742086248,0.03333333333333333,-0.034840988071090075,0.10150765473775675,0.04881632862756253,-0.051024273701619625,0.14865693095674468,0.0,0.0,0.0,0.0,0.0,0.0,8.913833937908171,8.760265310655921,9.067402565160421
0.2,Undivided,30,0.024781758756211445,0.022455438481962686,0.027108079030460204,3877.6666666666665,3873.1908031885428,3882.1425301447903,0.02430513096878996,0.022043607425033362,0.026566654512546556,2.690868660584591,2.6874900518910807,2.6942472692781014,0.02475880844110764,0.020963677614454453,0.028553939267760828,3.691269886064515,3.683260385558287,3.6992793865707427,0.026323195780049817,0.02232399848492825,0.030322393075171383,5.522373997121903,5.509257033878125,5.5354909603656814,0.011539247134980519,0.008365120975237155,0.014713373294723883,0.0,0.0,0.0,1107.895238095238,1106.6209858173813,1109.1694903730947,3877.6666666666665,3873.1908031885428,3882.1425301447903,0.024781758756211445,0.022455438481962686,0.027108079030460204,0.14833684537110634,0.14805198767974354,0.14862170306246913,4.9,4.479935979963483,5.320064020036518,31.42455426233574,30.611941140206625,32.237167384464854,0.0,0.0,0.0,0.0,0.0,0.0,,,,,,,,,,,,,,,,,,,,,,,,,,,,,,,,,,,,,,,,,,,0.0,0.0,0.0
0.2,6/1,30,2.1637641867300155,2.0525227933772823,2.2750055800827487,3877.6666666666665,3873.1908031885428,3882.1425301447903,0.009453756913704403,0.008493257182696234,0.010414256644712572,2.6760172865295058,2.673303258735706,2.6787313143233056,0.009784014442844284,0.008336326153752002,0.011231702731936567,3.676295092066252,3.667709471001777,3.684880713130727,10.717379214301182,10.233485327615389,11.201273100986976,16.213430015643034,15.728674239021128,16.69818579226494,10.709067120584068,10.224549383848364,11.193584857319772,206.00541559356597,200.83164149753873,211.17918968959322,1107.895238095238,1106.6209858173813,1109.1694903730947,,,,,,,,,,,,,,,,,,,,,,3098.9333333333334,3089.485838297489,3108.380828369178,0.009511573300110201,0.008548688648524526,0.010474457951695876,0.11644776171012482,0.11607390988462145,0.11682161353562819,3.6,3.280735682364936,3.919264317635064,19.460950466379973,18.589875620301413,20.332025312458534,0.0,0.0,0.0,0.0,0.0,0.0,778.7333333333333,770.213884914848,787.2527817518187,10.717379214301182,10.233485327615389,11.201273100986976,0.3396713473369951,0.3361532897740383,0.3431894048999519,12.233333333333333,11.488562561830136,12.978104104836529,92.88478395137008,92.0111820660405,93.75838583669966,0.0,0.0,0.0,0.0,0.0,0.0,2.138982427973804,2.027928120415856,2.2500367355317517
0.2,5/2,30,0.21411869311095735,0.20089313663545194,0.22734424958646277,3877.6666666666665,3873.1908031885428,3882.1425301447903,0.03703942482128077,0.03504449612904083,0.039034353513520706,2.7036029544370814,2.7003251308181238,2.706880778056039,0.04153807682433305,0.036971923916975166,0.04610422973169094,3.708049154447741,3.7000087270345134,3.716089581860969,0.9142441999836831,0.8478148879275418,0.9806735120398244,6.410295001325536,6.34279384783551,6.477796154815562,0.8794527188331381,0.8120957683975439,0.9468096692687323,24.422477378144542,23.24704669694413,25.597908059344956,1107.895238095238,1106.6209858173813,1109.1694903730947,,,,,,,,,,,,,,,,,,,,,,3098.9333333333334,3089.485838297489,3108.380828369178,0.0378429474556606,0.0356604046340267,0.040025490277294504,0.1397373140521498,0.13928869186154577,0.14018593624275386,4.833333333333333,4.5068713254152035,5.1597953412514626,39.6345543128077,38.65277142614903,40.61633719946637,0.0,0.0,0.0,0.0,0.0,0.0,778.7333333333333,770.213884914848,787.2527817518187,0.9142441999836831,0.8478148879275418,0.9806735120398244,0.1698356736684975,0.1680766448870191,0.1715947024499759,5.366666666666666,4.980806736125136,5.752526597208196,54.3157262444904,52.40572713676481,56.22572535221599,0.0,0.0,0.0,0.0,0.0,0.0,0.1893369343547459,0.1766000092192701,0.20207385949022172
0.2,4/3,30,0.14749299368928134,0.1429212624691632,0.15206472490939948,3877.6666666666665,3873.1908031885428,3882.1425301447903,0.14673777295607268,0.14117929893492354,0.15229624697722183,2.813301302571873,2.806977137871938,2.8196254672718077,0.15669795795738292,0.14648952193946738,0.16690639397529847,3.82320903558079,3.811880998233614,3.8345370729279664,0.14310974675876348,0.12740265824032654,0.15881683527720042,5.639160548100617,5.618943574877476,5.659377521323758,0.052710609922530675,0.04084464092373369,0.06457657892132766,12.257129814896075,11.90671342216761,12.60754620762454,1107.895238095238,1106.6209858173813,1109.1694903730947,,,,,,,,,,,,,,,,,,,,,,3098.9333333333334,3089.485838297489,3108.380828369178,0.14849712693056294,0.14280026186611883,0.15419399199500705,0.1746716425651872,0.17411086482693214,0.17523242030344224,6.133333333333334,5.769932908536275,6.496733758130392,59.44238298161719,58.33447679844147,60.550289164792915,0.0,0.0,0.0,0.0,0.0,0.0,778.7333333333333,770.213884914848,787.2527817518187,0.14310974675876348,0.12740265824032654,0.15881683527720042,0.11322378244566504,0.11205109659134611,0.11439646829998397,3.466666666666667,3.1454006722586527,3.787932661074681,23.481221681066753,21.995099185026003,24.967344177107503,0.0,0.0,0.0,0.0,0.0,0.0,0.12271123493306994,0.11890110332484187,0.12652136654129803
0.2,3/4,30,0.5717797865264367,0.5528213857999988,0.5907381872528745,3877.6666666666665,3873.1908031885428,3882.1425301447903,0.707207450716967,0.6832406959775849,0.7311742054563491,3.373770980332768,3.3493673743415666,3.398174586323969,0.7167571519521181,0.6882946076322829,0.7452196962719533,4.383268229575525,4.353698780362006,4.412837678789044,0.025423257187259733,0.02024430598879512,0.030602208385724347,5.521474058529112,5.5079107566280054,5.535037360430218,0.710724571799335,0.6825261587184673,0.7389229848802027,50.46279971296808,49.538682737925654,51.3869166880105,1107.895238095238,1106.6209858173813,1109.1694903730947,,,,,,,,,,,,,,,,,,,,,,3098.9333333333334,3089.485838297489,3108.380828369178,0.7089696356868568,0.6855832659692769,0.7323560054044367,0.23289552342024963,0.2321478197692429,0.23364322707125637,9.9,9.277098725441078,10.522901274558922,77.38835881770598,76.5869410633072,78.18977657210476,0.0,0.0,0.0,0.0,0.0,0.0,778.7333333333333,770.213884914848,787.2527817518187,0.025423257187259733,0.02024430598879512,0.030602208385724347,0.08491783683424875,0.08403832244350955,0.08579735122498795,2.3333333333333335,2.0181104991048966,2.6485561675617704,7.198058397283816,5.987289796803729,8.408826997763903,0.0,0.0,0.0,0.0,0.0,0.0,0.5469980277702252,0.5280206324208606,0.5659754231195898
0.2,2/5,30,5.05490573220537,4.933565431349325,5.176246033061415,3877.6666666666665,3873.1908031885428,3882.1425301447903,6.309683365754972,6.169509989322826,6.449856742187118,8.976246895370773,8.836486988140866,9.11600680260068,6.38372387516666,6.182440583764898,6.585007166568421,10.050234952790067,9.8473197393318,10.253150166248334,0.00521698287634782,0.00327480106142182,0.00715916469127382,5.501267784218201,5.488707336773438,5.513828231662964,6.497073074545248,6.334236798171777,6.659909350918718,219.7330291566456,217.63382518765792,221.8322331256333,1107.895238095238,1106.6209858173813,1109.1694903730947,,,,,,,,,,,,,,,,,,,,,,3098.9333333333334,3089.485838297489,3108.380828369178,6.322611889673774,6.179370000801963,6.4658537785455845,0.34934328513037455,0.34822172965386444,0.35046484060688465,26.3,25.333462179793425,27.266537820206576,95.18421881179253,94.79075270912352,95.57768491446154,0.0,0.0,0.0,0.0,0.0,0.0,778.7333333333333,770.213884914848,787.2527817518187,0.00521698287634782,0.00327480106142182,0.00715916469127382,0.06793426946739901,0.06723065795480765,0.06863788097999038,1.3333333333333333,1.0181104991048964,1.6485561675617701,2.0804653879749377,1.471019064105224,2.689911711844651,0.0,0.0,0.0,0.0,0.0,0.0,5.030123973449158,4.908337940810696,5.15191000608762
0.3,Undivided,30,0.03887731188937162,0.035765855652666004,0.04198876812607724,3877.6666666666665,3873.1908031885428,3882.1425301447903,0.038135388112685464,0.0349648552515498,0.04130592097382113,2.7051986973924422,2.701225210144776,2.7091721846401087,0.0391231174432501,0.03494692041940482,0.04329931446709538,3.7013575382129926,3.693375999419783,3.7093390770062022,0.04012006417359087,0.03592999284060223,0.04431013550657951,5.537282733834646,5.5262457147061514,5.54831975296314,0.012613575139741186,0.009756199617385369,0.015470950662097003,0.0,0.0,0.0,1107.895238095238,1106.6209858173813,1109.1694903730947,3877.6666666666665,3873.1908031885428,3882.1425301447903,0.03887731188937162,0.035765855652666004,0.04198876812607724,0.15998542522773712,0.15961048820940135,0.1603603622460729,5.433333333333334,5.020970498333254,5.845696168333413,36.383110449466464,35.43872751670423,37.327493382228695,0.0,0.0,0.0,0.0,0.0,0.0,,,,,,,,,,,,,,,,,,,,,,,,,,,,,,,,,,,,,,,,,,,0.0,0.0,0.0
0.3,6/1,30,7.881578576061334,7.59004510275685,8.173112049365818,3877.6666666666665,3873.1908031885428,3882.1425301447903,0.0050691358164470755,0.0042447115819880255,0.005893560050906126,2.6721324450962043,2.669295570566344,2.6749693196260647,0.005373743822486497,0.004311470339970973,0.006436017305002021,3.667608164592229,3.6603528254516062,3.674863503732852,26.18958194094222,25.420942329932085,26.958221551952352,31.68674461060327,30.919908621847505,32.453580599359036,26.185809410856866,25.416961446659993,26.95465737505374,439.66873143382315,432.970205707003,446.3672571606433,1108.095238095238,1106.7697013028378,1109.4207748876383,,,,,,,,,,,,,,,,,,,,,,2712.9333333333334,2701.261599502495,2724.605067164172,0.005123928322859766,0.004408043020508699,0.005839813625210832,0.10196028769154018,0.10153034798332682,0.10239022739975355,2.8333333333333335,2.5068713254152044,3.1597953412514626,11.721226179500864,10.671251859506773,12.771200499494954,0.0,0.0,0.0,0.0,0.0,0.0,1164.7333333333333,1153.9501913905303,1175.5164752761364,26.18958194094222,25.420942329932085,26.958221551952352,0.5083557488842717,0.5038080898230349,0.5129034079455085,22.766666666666666,21.707408396073603,23.825924937259728,126.30863387596115,125.30667253699636,127.31059521492594,0.0,0.0,0.0,0.0,0.0,0.0,7.842701264171963,7.55088686169255,8.134515666651376
0.3,5/2,30,0.8868831257513469,0.833802468814698,0.9399637826879957,3877.6666666666665,3873.1908031885428,3882.1425301447903,0.02210642180046822,0.020098985275499633,0.024113858325436808,2.689169731080225,2.6856006492188205,2.6927388129416294,0.02247502170682218,0.019887682318468585,0.025062361095175772,3.684709442476565,3.676764162447941,3.692654722505189,2.894725784717445,2.7329149215575783,3.0565366478773117,8.3918884543785,8.230063084260289,8.553713824496713,2.87574057035984,2.7128056745394473,3.038675466180233,78.55672949521173,75.85501717990438,81.25844181051907,1107.895238095238,1106.6209858173813,1109.1694903730947,,,,,,,,,,,,,,,,,,,,,,2712.9333333333334,2701.261599502495,2724.605067164172,0.022171753177998563,0.02038218213843365,0.023961324217563477,0.12235234522984824,0.1218364175799922,0.12286827287970428,3.9,3.5845230562307173,4.215476943769282,28.070760876175335,26.8325855504497,29.30893620190097,0.0,0.0,0.0,0.0,0.0,0.0,1164.7333333333333,1153.9501913905303,1175.5164752761364,2.894725784717445,2.7329149215575783,3.0565366478773117,0.25406812522245914,0.2518167224335462,0.2563195280113721,10.266666666666667,9.594869527575188,10.938463805758147,75.244480986609,73.89076849126967,76.59819348194834,0.0,0.0,0.0,0.0,0.0,0.0,0.8480058138619753,0.7950398212456776,0.9009718064782729
0.3,4/3,30,0.20091007741589767,0.19253829151072963,0.20928186332106571,3877.6666666666665,3873.1908031885428,3882.1425301447903,0.09142771064401486,0.0868494843990666,0.09600593688896313,2.7584910199237713,2.7529153849399317,2.764066654907611,0.09457565586926585,0.08832211009260589,0.1008292016459258,3.756810076639008,3.7467126431685966,3.766907510109419,0.4534016450478633,0.42614672324947134,0.48065656684625524,5.9505643147089184,5.921310487844219,5.979818141573618,0.3673363719232744,0.33801600579781976,0.39665673804872903,16.625214309009788,15.946236549388992,17.304192068630584,1107.895238095238,1106.6209858173813,1109.1694903730947,,,,,,,,,,,,,,,,,,,,,,2712.9333333333334,2701.261599502495,2724.605067164172,0.09201129239036851,0.08782624145337005,0.09619634332736697,0.1529404315373103,0.15229552197499024,0.15358534109963035,5.266666666666667,4.914009523176337,5.619323810156996,50.90584023891879,49.55796732245341,52.253713155384176,0.0,0.0,0.0,0.0,0.0,0.0,1164.7333333333333,1153.9501913905303,1175.5164752761364,0.4534016450478633,0.42614672324947134,0.48065656684625524,0.16937875014830614,0.1678778149556975,0.17087968534091477,5.266666666666667,4.914009523176337,5.619323810156996,49.0793830736704,47.468574635050864,50.690191512289935,0.0,0.0,0.0,0.0,0.0,0.0,0.1620327655265261,0.15440533170808404,0.16966019934496815
0.3,3/4,30,0.32746869575702525,0.3162684049578069,0.3386689865562436,3877.6666666666665,3873.1908031885428,3882.1425301447903,0.42520942207680457,0.408082928233127,0.44233591592048216,3.0922727313565614,3.074437169684874,3.110108293028249,0.4302494020519963,0.4152339042013016,0.445264899902691,4.092483822821738,4.075205999145232,4.109761646498245,0.09688257554124914,0.08878254275946056,0.10498260832303773,5.594045245202305,5.581182552383297,5.606907938021313,0.34780365443278843,0.32882986927109,0.3667774395944869,27.99831650888648,27.378009075213765,28.618623942559193,1107.895238095238,1106.6209858173813,1109.1694903730947,,,,,,,,,,,,,,,,,,,,,,2712.9333333333334,2701.261599502495,2724.605067164172,0.4262090071065778,0.4106102040904887,0.44180781012266684,0.2039205753830804,0.20306069596665366,0.20478045479950713,7.833333333333333,7.3044991248216204,8.362167541845047,71.92953772360168,70.90727639168628,72.95179905551709,0.0,0.0,0.0,0.0,0.0,0.0,1164.7333333333333,1153.9501913905303,1175.5164752761364,0.09688257554124914,0.08878254275946056,0.10498260832303773,0.1270340626112296,0.12590836121677312,0.12815976400568607,3.933333333333333,3.640241161115884,4.2264255055507824,26.14400102690775,24.717946157288925,27.570055896526572,0.0,0.0,0.0,0.0,0.0,0.0,0.2885913838676537,0.2774101493822215,0.2997726183530859
0.3,2/5,30,2.5188253357813717,2.4339758197170727,2.6036748518456707,3877.6666666666665,3873.1908031885428,3882.1425301447903,3.5798535390201995,3.4642412743796935,3.6954658036607055,6.246916848299955,6.131677898626479,6.362155797973432,3.6369296001511473,3.5061270084916583,3.7677321918106363,7.299164020920889,7.169553569004505,7.428774472837273,0.020708808770848356,0.01746545662229324,0.023952160919403474,5.517871478431904,5.507013245502415,5.528729711361393,3.6936972010475158,3.578051485468916,3.8093429166261155,144.59406567011834,142.58066719169022,146.60746414854646,1107.895238095238,1106.6209858173813,1109.1694903730947,,,,,,,,,,,,,,,,,,,,,,2712.9333333333334,2701.261599502495,2724.605067164172,3.589609734154735,3.4768151545266313,3.702404313782839,0.3058808630746206,0.3045910439499805,0.3071706821992607,18.8,17.788494464130924,19.811505535869077,88.86967155716442,88.34770155417043,89.39164156015842,0.0,0.0,0.0,0.0,0.0,0.0,1164.7333333333333,1153.9501913905303,1175.5164752761364,0.020708808770848356,0.01746545662229324,0.023952160919403474,0.10162725008898367,0.1007266889734185,0.10252781120454885,2.8333333333333335,2.5377907426731574,3.1288759239935096,9.027137838148235,8.096226082327124,9.958049593969346,0.0,0.0,0.0,0.0,0.0,0.0,2.4799480238919998,2.3952163775691293,2.56467967021487
