p_qr,best,Wq_6_1_s_mean,Wq_6_1_s_ci_low,Wq_6_1_s_ci_high,Wq_5_2_s_mean,Wq_5_2_s_ci_low,Wq_5_2_s_ci_high,Wq_4_3_s_mean,Wq_4_3_s_ci_low,Wq_4_3_s_ci_high,present_minus_one_more_qr_gate_s_mean,present_minus_one_more_qr_gate_s_ci_low,present_minus_one_more_qr_gate_s_ci_high
0.03,6/1,0.038148470986111814,0.035134435161590205,0.04116250681063342,0.08329446485705727,0.07968139494376236,0.08690753477035218,0.31586069740855366,0.3044694034280083,0.327251991389099,-0.23256623255149636,-0.24146336635662952,-0.2236690987463632
0.04,6/1,0.048071959048939523,0.044008313838343985,0.05213560425953506,0.08015854804375581,0.07652070495032574,0.08379639113718589,0.29950293618673424,0.28871317459784923,0.31029269777561924,-0.2193443881429785,-0.22752531964607062,-0.21116345663988637
0.05,6/1,0.06476259790564744,0.059029947649838134,0.07049524816145673,0.07756702668967745,0.07366861646141648,0.08146543691793842,0.28526443066949875,0.27448765763955757,0.2960412036994399,-0.20769740397982123,-0.21577180815162356,-0.1996229998080189
0.06,5/2,0.08868859999253749,0.08145176723738178,0.0959254327476932,0.0760229933652373,0.07229417606262217,0.07975181066785242,0.271898022240683,0.26186375470137496,0.281932289779991,-0.19587502887544564,-0.20344461452952334,-0.18830544322136794
0.07,5/2,0.1180403901743152,0.10988972275418477,0.12619105759444563,0.07415445916205801,0.07037254204872614,0.07793637627538988,0.25649502421451775,0.2464334110475434,0.2665566373814921,-0.1823405650524598,-0.18978194853269903,-0.17489918157222056
0.08,5/2,0.1574423544930102,0.14740376404715377,0.16748094493886662,0.07398192271106899,0.06993641833636233,0.07802742708577565,0.2438442938116444,0.2343372835427836,0.2533513040805052,-0.16986237110057537,-0.17663949384872038,-0.16308524835243035
0.09,5/2,0.202790857109635,0.18959249316837817,0.2159892210508918,0.07374837120018005,0.07027697880132909,0.077219763599031,0.22922718941270104,0.22092811903869689,0.2375262597867052,-0.155478818212521,-0.16135656477002225,-0.14960107165501974
0.1,5/2,0.2595642738460325,0.24142611607382147,0.2777024316182435,0.07612045216853078,0.0722429519039743,0.07999795243308726,0.21823226245462146,0.21000846012130608,0.22645606478793684,-0.1421118102860907,-0.14819807203536972,-0.1360255485368117
0.11,5/2,0.33621937006844405,0.31075893039814956,0.36167980973873853,0.07986254871504994,0.07589759086570563,0.08382750656439425,0.20719729549738986,0.19937984003828432,0.2150147509564954,-0.1273347467823399,-0.133610812035829,-0.12105868152885083
0.12,5/2,0.4238630222266308,0.39100553060506876,0.45672051384819284,0.08396624919550767,0.07961466254999358,0.08831783584102176,0.1964361416333593,0.18894615366549322,0.20392612960122536,-0.11246989243785159,-0.1187625246435134,-0.10617726023218978
0.13,5/2,0.53607777886519,0.4963513150921762,0.5758042426382038,0.09115935404249446,0.08567682931965616,0.09664187876533277,0.18737233025403108,0.18033560113753694,0.19440905937052522,-0.09621297621153664,-0.102545775467582,-0.08988017695549128
0.14,5/2,0.6652603885221229,0.614507668352324,0.7160131086919218,0.0992328483518956,0.09300345628853038,0.10546224041526081,0.17855529822271438,0.17155774476504582,0.18555285168038294,-0.0793224498708188,-0.0864294823228861,-0.0722154174187515
0.15,5/2,0.8322150495448165,0.7758658578211571,0.8885642412684759,0.11141065815092484,0.10404289045963498,0.1187784258422147,0.16998684950991036,0.1636611579012919,0.17631254111852881,-0.058576191358985556,-0.06624496827934451,-0.050907414438626605
0.16,5/2,1.0358559671890852,0.9744113786290922,1.0973005557490783,0.1271679859637527,0.11895334248434011,0.1353826294431653,0.16337244617493502,0.1573393232922409,0.16940556905762913,-0.03620446021118236,-0.04491023698893492,-0.027498683433429795
0.17,5/2,1.260930334174729,1.1852463470715264,1.3366143212779318,0.14365204470378412,0.13457079879150943,0.1527332906160588,0.15639301866855387,0.15103312626937376,0.16175291106773398,-0.012740973964769779,-0.022420681565623123,-0.003061266363916437
0.18,4/3,1.5245764055457016,1.439336786444757,1.6098160246466462,0.1633776542733907,0.1533649941221296,0.17339031442465183,0.15322367918130522,0.14815395388798194,0.1582934044746285,0.010153975092085469,-5.884824657755028e-05,0.020366798430748487
0.19,4/3,1.8232981942472184,1.7250064369056224,1.9215899515888144,0.18483071215143568,0.1742857263031126,0.19537569799975876,0.1496185717469241,0.1446519985335086,0.15458514496033962,0.035212140404511504,0.024247120809601612,0.046177159999421395
0.2,4/3,2.1637641867300155,2.0525227933772823,2.2750055800827487,0.21411869311095735,0.20089313663545194,0.22734424958646277,0.14749299368928134,0.1429212624691632,0.15206472490939948,0.06662569942167597,0.05422900064481197,0.07902239819853997
0.21,4/3,2.5453255861780297,2.418901720480866,2.6717494518751934,0.24498799016643918,0.22981308728299843,0.26016289304987994,0.14626620073428648,0.14161421934074073,0.15091818212783223,0.09872178943215268,0.0847538391692551,0.11268973969505026
0.22,4/3,2.9479547728255806,2.8088132901829814,3.08709625546818,0.2797851298399752,0.2623981313523745,0.29717212832757595,0.14764295481402237,0.1428216076587231,0.15246430196932165,0.1321421750259528,0.11590426611613051,0.1483800839357751
0.23,4/3,3.415734446583968,3.27205723602024,3.559411657147696,0.32305693023440135,0.30357770395648165,0.34253615651232105,0.1485824709229149,0.14393127928242339,0.15323366256340643,0.1744744593114864,0.15629767169596873,0.19265124692700406
0.24,4/3,3.8828497102109423,3.7243037256439644,4.04139569477792,0.3710365598050888,0.34834354141478885,0.3937295781953888,0.1514868823439737,0.1462284744514678,0.1567452902364796,0.2195496774611151,0.19946785357712138,0.2396315013451088
0.25,4/3,4.426371358803291,4.222624874646738,4.6301178429598435,0.430790093682106,0.4034357839301645,0.45814440343404755,0.15583883769325332,0.15040044801905442,0.16127722736745223,0.27495125598885267,0.2500660477119203,0.29983646426578503
0.26,4/3,5.021889850099593,4.790109622536969,5.253670077662218,0.500980744830235,0.4648522352791911,0.537109254381279,0.1616904620705585,0.1555036844740495,0.16787723966706752,0.33929028275967654,0.30685732152450595,0.37172324399484713
0.27,4/3,5.69301383375514,5.456223363224187,5.929804304286093,0.5813515015679424,0.5422565103522199,0.6204464927836648,0.16883145369784733,0.16193085440887828,0.17573205298681638,0.41252004787009516,0.3776396080720935,0.4474004876680968
0.28,4/3,6.381229907200439,6.135179939978055,6.627279874422822,0.6745571210116807,0.6326065732194431,0.7165076688039184,0.1774980858431881,0.17049521402835655,0.18450095765801966,0.49705903516849265,0.4594466095814935,0.5346714607554918
0.29,4/3,7.121852305671058,6.858415366574546,7.38528924476757,0.7795542137939896,0.7321041290801211,0.8270042985078581,0.18850208681738506,0.1809115777134936,0.19609259592127654,0.5910521269766046,0.5483543167359597,0.6337499372172495
0.3,4/3,7.881578576061334,7.59004510275685,8.173112049365818,0.8868831257513469,0.833802468814698,0.9399637826879957,0.20091007741589767,0.19253829151072963,0.20928186332106571,0.685973048335449,0.6380443093005809,0.7339017873703172
